name,brand,series,price_ref,jd_price,info,zol_id,国内发布时间,上市日期,产品型号,使用场景,机身材质,机身颜色,指纹识别,面部识别,长度,宽度,厚度,重量,CPU型号,CPU频率,CPU核心数,GPU型号,RAM容量,RAM存储类型,ROM容量,ROM存储类型,操作系统,出厂系统内核,扬声器,振动马达,散热,屏幕尺寸,屏幕类型,分辨率,屏幕材质,屏幕刷新率,像素密度,屏占比,触控采样率,屏幕色彩,HDR技术,屏幕亮度,屏幕盖板,摄像头总数,摄像头名称,像素,光圈,传感器型号,传感器尺寸,对焦方式,防抖功能,后置拍照功能,后置视频拍摄,前置拍照功能,前置视频拍摄,联名品牌,闪光灯,变焦倍数,网络类型,5G网络,4G网络,3G网络,网络频段,SIM卡类型,WLAN功能,定位导航,蓝牙,NFC,红外功能,连接与共享,机身接口,其他网络参数,电池类型,电池容量,有线充电,无线充电,无线反向充电,三防功能,感应器,音频支持,视频支持,多媒体技术,其他功能,包装清单,保修政策,质保时间,质保备注,客服电话,电话备注,详细内容,battery_mah,battery_class,price_class,charging_watt,screen_size_num,screen_class,weight_g,weight_class
vivo X Fold6(12GB/256GB),vivo,X Fold,¥7999,¥7988,原子工作台，蔡司2亿超级主摄，等效7000mAh蓝海电池,2169496,2026年06月26日,,vivo X Fold6,游戏手机: ，拍照手机: ，快充手机: ，5G手机: ，折叠屏手机: ，新品手机: ，热门手机,玻纤(极夜、盐湖、黑金版)、玻璃(蓝洞),蓝洞，盐湖，极夜，黑金版,侧面指纹识别,支持,产品尺寸：157.16mm折叠尺寸：157.16mm,产品尺寸：145.66mm折叠尺寸：145.66mm,产品尺寸：4.4mm折叠尺寸：4.8mm,228g,联发科 天玑 9500超能版,4.21GHz*1+3.5GHz*3+2.7GHz*4,八核,Mali G1-Ultra,12GB,LPDDR5X Ultra 四通道,256GB,UFS 4.1,OriginOS 6 Fold,Android 16,,X轴线性马达,,主：8.02英寸副：6.51英寸,主：全面屏（中置挖孔屏），折叠屏，曲面屏副：全面屏（中置挖孔屏），折叠屏，曲面屏,2504x2312px,主：AMOLED副：AMOLED,120Hz,424ppi,91.99%,正常130Hz，游戏240Hz,"主：10.7亿色,105%NTSC,支持P3广色域副：105%NTSC",支持,,,五摄像头（后三前双）,后置摄像头1：主摄后置摄像头2：广角摄像头后置摄像头3：潜望摄像头前置摄像头1：主摄前置摄像头2：副摄,后置摄像头1：2亿像素后置摄像头2：5000万像素后置摄像头3：5000万像素前置摄像头1：2000万像素前置摄像头2：2000万像素,后置摄像头1： f/1.68后置摄像头2：f/2.05后置摄像头3：f/2.55前置摄像头1：f/2.4前置摄像头2： f/2.4,后置摄像头1：IMX921后置摄像头2：JN1后置摄像头3：IMX882,"后置摄像头1：1/1.56""后置摄像头2：1/2.76""后置摄像头3：1/1.95""",后置摄像头1：AF后置摄像头2：AF后置摄像头3：AF前置摄像头1：FF前置摄像头2：FF,后置摄像头1：OIS光学防抖后置摄像头3：OIS光学防抖,拍照、人像、风光与夜景、抓拍、录像、超清文档、全景、慢动作、舞台、延时摄影、人像录像、专业、美食、扫描,后置主摄最高支持8K；后置广角、后置潜望最高支持4K,拍照、人像、录像、人像录像,前置最高支持1080P,卡尔.蔡司认证,,最大支持100x数字变焦；前后置摄像头均支持数字变焦,5G: ，4G: ，3G,移动5G（NR），联通5G（NR），电信5G（NR），广电5G（NR）,移动TD-LTE，移动LTE FDD，联通LTE FDD，电信LTE FDD，广电TD-LTE，广电LTE FDD,联通3G（WCDMA），联通2G/移动2G（GSM）,2G GSM频段：850/900/1800/1900MHz 3G WCDMA频段：B1/B2/B4/B5/B6/B8/B19 4G TD-LTE频段：B34/B38/B39/B40/B41/B42/B43/B48 4G FDD-LTE频段：B1/B2/B3/B4/B5/B7/B8/B12/B17/B18/B19/B20/B25/B26/B28/B66 5G频段：n1/n2/n3/n5/n7/n8/n12/n18/n20/n25/n26/n28/n34/n38/n39/n40/n41/n48/n66/n77/n78/n79,双卡（Nano SIM卡）,Wi-Fi Display;2*2 MIMO;MU-MIMO;Wi-Fi 6;Wi-Fi 7;2.4G&5G双路并发,GPS：L1;L5，北斗：B1C;B1I;B2a;B2b，GLONASS：G1，Galileo：E1;E5a;E5b，QZSS：L1;L5， NavIC：L1;L5,蓝牙5.4，支持SBC;AAC;aptX;aptX HD;aptX Adaptive;aptX Lossless;LDAC;LHDC 5.0,支持NFC,支持,OTG,USB Type-C接口,,不可拆卸式电池（双电芯）,7000mAh大电池,80w,40w,支持,IPX8&IPX9级抗水,重力感应器，光敏感应器，接近感应器，陀螺仪，电子罗盘，其他传感器：激光对焦传感器，气压传感器，霍尔传感器，红外遥控，Flicker传感器，前置色温传感器，后置色温传感器,"AAC、WAV、MP3、MIDI、VORBIS、APE、FLAC,AAC、WAV、M4A、MP3、MIDI、OGG、APE、FLAC",,,,手机 x1 蔡司长焦增距镜G2 x1（含预装前后盖 x1） 增距镜前盖 x1 增距镜后盖 x1 影像保护壳 x1（含预装影像保护壳装饰环 x1） 增距镜转接环 x1 充电头 x1 Type-C数据线 x1 原装膜（内外屏出厂已贴好） x2 保护壳 x1 取卡针 x1 快速入门指南 x1,全国联保，享受三包服务,1年,主机1年，充电器1年,,,自购机日起（以购机发票为准），如因质量问题或故障，凭厂商维修中心或特约维修点的质量检测证明，享受15日内退货或更换一部享有重新计算1年保修期的设备，15日以上在质保期内根据具体情况更换相关部件或提供一台部分重新装配的设备，仅保留消费者现有设备后盖。更换的部件和,7000.0,超大电池 (6000-8000mAh),旗舰 (6000-8000),80.0,8.02,超大屏 (>6.8英寸),228,重量级 (>220g)
HUAWEI Mate 80(12GB/256GB),华为,Mate,¥4699,¥4699,麒麟9020芯片，第二代红枫影像，鸿蒙AI,2145478,2025年11月25日,2025年11月25日,Mate 80,拍照手机: ，3G手机: ，智能手机: ，4G手机: ，5G手机,后盖：锦纤 边框：铝合金,云杉绿，曜石黑，雪域白，风信紫,侧面指纹识别,支持,161.85mm,76mm,7.95mm,217g,海思 麒麟 9020,,,,12GB,,256GB,,HarmonyOS 6.0,,立体扬声器,,,6.75英寸,全面屏（中置挖孔屏），直面屏,2832x1280px,OLED,120Hz,460ppi,,300Hz,"10.7亿色，DCI-P3色域,1440 Hz 高频 PWM 调光",,2500nits,,五摄像头（后四）,后置摄像头1：超光变摄像头后置摄像头2：超广角摄像头后置摄像头3：潜望式长焦摄像头后置摄像头4：第二代红枫原色摄像头前置摄像头1：超广角镜头,后置摄像头1：5000万像素后置摄像头2：4000万像素后置摄像头3：1200万像素后置摄像头4：150万像素前置摄像头1：1300万像素,后置摄像头1：f/1.4-f/4.0后置摄像头2：f/2.2 后置摄像头3：f/3.4前置摄像头1：f/2.0,后置摄像头1：RYYB传感器后置摄像头3：RYYB传感器,,自动对焦,后置摄像头1：OIS光学防抖后置摄像头2：OIS光学防抖后置摄像头3：OIS光学防抖,"最大可支持 8192×6144像素,XMAGE风格、AI 辅助构图、电影效果*、舞台模式、超清全景、AI 超清增强、超级夜景、寰宇追月、绚丽星空、星空人像、AI 动态照片、视频 HDR Vivid、视频 Log、拍照 RAW 格式、闪拍、运动防抖、高画质模式、超级微距、微距视频、微距画中画、长焦画中画、高像素模式、延时摄影、超大广角、大光圈虚化、人像模式、专业模式、慢动作、流光快门、水印、AI 摄影大师、笑脸抓拍、声控拍照、定时拍照、连拍",最大支持4K（3840 × 2160）视频录制，支持AIS防抖；支持1080p@960fps超级慢动作视频,"最大可支持4160×3120像素,XMAGE风格、AI 动态照片、视频 HDR Vivid、慢动作、人像模式、延时摄影、笑脸抓拍、自拍镜像、声控拍照、定时拍照",最大支持4K（3840 × 2160）视频录制，支持AIS防抖；支持1080p@240fps超级慢动作视频,,后置：LED 闪光灯,后置摄像头：支持5.5倍光学变焦(5.5 倍变焦为近似值，镜头焦段分别为 24 mm，13 mm，125 mm）、50倍数字变焦,5G: ，4G,,,,,双卡（Nano SIM卡）,双频WiFi，802.11 a/b/g/n/ac/ax/be，2x2 MIMO，EHT160，8 Spatial-stream Sounding MU-MIMO,支持GPS（L1+L5双频），AGPS，GLONASS，北斗（B1I+B1C+B2a+B2b四频），GALILEO（E1+E5a+E5b三频），QZSS（L1+L5双频），NavIC,蓝牙6.0，支持低功耗蓝牙，支持SBC、AAC，支持LDAC和L2HC高清音频,支持NFC,支持,WLAN热点,USB Type-C接口,"支持北斗卫星消息,支持天际通,星闪 E2.0",不可拆卸式电池,5750mAh大电池,支持 66w（11V/6A）,支持，50W,支持（反向供电时最大输出电流1A/5V）,支持防尘抗水（IP68，IP69）,3D人脸识别，环境光传感器，红外传感器，指纹传感器，霍尔传感器，霍尔传感器，陀螺仪，NFC，气压计，接近光传感器，重力传感器，姿态感应器、Camera激光对焦传感器、色温传感器,"华为 Histen，支持立体声,*.mp3、*.mp4、*.ogg、*.amr、*.aac、*.flac、*.wav",*.mp4,,,手机（含内置电池） x1 华为SuperCharge充电器 x1 USB Type-C 数据线 x1 透明保护壳 x1 保护膜（出厂贴在手机上） x1 快速指南 x1 取卡针 x1,全国联保，享受三包服务,1年,主机1年，充电器1年,华为：400-830-8300；400-690-2116；800-830-8300,,,5750.0,大电池 (5000-6000mAh),高端 (4000-6000),66.0,6.75,大屏 (6.5-6.8英寸),217,较重 (200-220g)
荣耀X80 Pro Max(8GB/128GB),荣耀,X,¥1999,¥1999,11000mAh大电池，金标抗摔，深度防水,2170102,2026年6月22日,2026年6月,荣耀 X80 Pro Max,3G手机: ，智能手机: ，4G手机: ，快充手机: ，5G手机: ，新品手机,,闪电红，玄甲黑，元气橙，月影白,屏幕指纹识别,支持,162.2mm,77mm,8.08mm,203g,高通 骁龙6 Gen5,2.6GHz A78*4+2.0GHz A55*4,八核,高通 Adreno 812,8GB,,128GB,,MagicOS 10.0,Android 16,扬声器数量：2个,,,6.8英寸,全面屏（中置挖孔屏），直面屏,2788x1280px,AMOLED（LTPS）,120Hz,,94.85%,,DCI-P3广色域，10.7亿色,,HDR峰值亮度：10000nits 全局峰值亮度：2000nits,,双摄像头（前一后一）,后置摄像头1：主摄前置摄像头1：主摄,后置摄像头1：5000万像素前置摄像头1：800万像素,后置摄像头1：f/1.88前置摄像头1：f/2.0,,1/1.67英寸,,OIS光学防抖,"最大可支持 8192*6144像素,动态照片、慢动作、延时摄影、文档扫描、全景拍照、高像素模式、多镜录像、夜景模式、人像模式(含美肤)、录像、专业拍照、HDR拍照、滤镜、水印、笑脸抓拍、声控拍照、定时拍摄、连拍、AI摄影等",最大可支持3840*2160像素,"最大可支持 3264×2448,动态照片、人像模式、水印、滤镜、笑脸抓拍、自拍镜像、声控拍照、定时拍摄、手势拍照等",最大可支持 2520*1080像素,,,,5G: ，4G,移动5G（NR TDD），联通5G（NR TDD），电信5G（NR TDD）,移动TD-LTE，联通TD-LTE，联通FDD-LTE，电信TD-LTE，电信FDD-LTE,移动3G（TD-SCDMA），联通2G/移动2G（GSM）,,双卡（Nano SIM卡）,双频WiFi，802.11 a/b/g/n/ac,支持北斗（B1I+B1C+B2a三频）、GPS（L1+L5双频）、GLONASS L1c、Galileo（E1 + E5a双频）、QZSS(L1+L5双频)、NavIC（L5）、A-GNSS(A-GPS\A-GLONASS\A-BDS)，支持蜂窝网络定位、WLAN网络定位,蓝牙6.0，支持低功耗蓝牙(BLE) 支持LE Audio，Auracast 支持SBC、AAC、LDAC、aptX、aptX HD、aptX Adaptive、LC3、LHDC5.0 支持适配LE Audio、ASHA助听器,支持NFC,支持,,USB Type-C接口,环球行、Link Turbo X网络加速、智慧选网,不可拆卸电池,11000mAh大电池,80w,,,支持防尘防水（IP66、IP68、IP69、IP69K）,加速度传感器，接近光传感器（非实体器件，使用超声代替），指纹传感器，指南针，陀螺仪，NFC，重力传感器，红外传感器,,,,,手机（含内置电池） x1 TP保护膜（出厂已粘贴） x1 HONOR SuperCharge充电器 x1 USB Type-C 数据线 x1 快速指南 x1 取卡针 x1 TPU保护壳 x1 包装盒 x1,全国联保，享受三包服务,1年,主机1年，充电器1年,,,,11000.0,巨无霸电池 (>8000mAh),入门 (<2000),80.0,6.8,超大屏 (>6.8英寸),203,较重 (200-220g)
小米17 Ultra(12GB/512GB),小米,数字,¥6999,¥6989,徕卡1英寸光影大师，第五代骁龙8至尊版，6800mAh金沙江电池,2151146,2025年12月25日,2025年12月25日,小米 17 Ultra,三防手机: ，游戏手机: ，拍照手机: ，曲屏手机: ，新品手机: ，热门手机: ，5G手机: ，4G手机: ，3G手机: ，智能手机,,黑色，白色，冷烟紫，星空绿,屏幕指纹识别,支持,162.9mm,77.6mm,8.29mm,223.4g,骁龙 8 Elite Gen5,最高主频可达：4.6GHz,八核,高通 Adreno,12GB,LPDDR5X,512GB,UFS 4.1,Xiaomi HyperOS 3,,,,,6.9英寸,全面屏 (中置挖孔屏)，全等深微曲屏,2608x1200px,AMOLED,120Hz,,,300Hz,色域：支持 P3 广色域,HDR 10+,最低亮度：1nit 多场景峰值亮度：3500nits,小米龙晶玻璃2.0,四摄像头（后三）,后置摄像头1：徕卡1英寸光影大师后置摄像头2：徕卡2亿像素光学变焦后置摄像头3：徕卡超广角前置摄像头1：主摄,后置摄像头1：5000万像素后置摄像头2：2亿像素后置摄像头3：5000万像素前置摄像头1：5000万像素,后置摄像头1：f/1.67后置摄像头2：f/2.39-2.96 后置摄像头3：f/2.2前置摄像头1：f/2.0,光影猎人1050L影像传感器,后置摄像头1：1英寸后置摄像头2：1/1.4″ 超大底传感器,后置摄像头1：QPD对焦后置摄像头3：AF,后置摄像头1：OIS光学防抖后置摄像头2：OIS光学防抖,2亿超清，实况运镜，智能场景推荐，智能构图，动态照片，自动超级月亮，照片水印，徕卡原生双画质，杜比视界，运动抓拍，专业预设，超级夜景，万物追焦，音源追焦，人像虚化，大师镜头包，智能美颜，视频美颜，街拍，专业模式，延时摄影，文档模式，慢动作，长曝光，身份证影印，全景，倒计时拍照，声控拍照，触屏拍照，定时连拍，参考线，水平仪,"8K 视频拍摄：30fps 4K 视频拍摄：30 / 60 / 120fps 1080P 视频拍摄：30 / 60fps 720P 视频拍摄：30fp,慢动作视频拍摄：720P 120fps / 240fps / 480fps / 960fps / 1920fps 慢动作视频拍摄： 1080P 120fps / 240fps / 480fps / 960fps / 1920fps",动态照片，智能美颜，人像虚化，照片水印，视频美颜，延时摄影，慢动作，视频提词器，倒计时拍照，手势拍照，声控拍照，触屏拍照，参考线,4K 视频拍摄：30 / 60fps 1080P 视频拍摄：30 / 60fps 720P 视频拍摄：30fps,徕卡,,,5G: ，4G,移动5G（NR TDD），联通5G（NR TDD），电信5G（NR TDD）,TD-LTE，FDD-LTE,联通3G（WCDMA），联通2G/移动2G（GSM）,5G：n1/n2/n3/n5/n7/n8/n12/n13/n18/n20/n25/n26/n28/n38/n40/n41/n48 / n66/n70/n77/n78/n79/n80/n81/n83/n84/n89 4G：FDD-LTE：B1/B2/B3/B4/B5/B7/B8/B12/B13/B17/B18/B19/B20/B25/B26/B28/B66 TDD-LTE：B34/B38/B39/B40/B41/B42/B48 3G：WCDMA：B1/B2/B4/B5/B6/B8/B19 2G：GSM：B2/B3/B5/B8,双卡（Nano SIM卡）,WLAN 协议：Wi-Fi 7，Wi-Fi 6 增强版，Wi-Fi 5，Wi-Fi 4 以及 802.11a / b / g WLAN 频率：2.4G Wi-Fi | 5G Wi-Fi 支持MLO，支持2x2 MIMO，8x8 Sounding for MU-MIMO，Wi-Fi Direct，Miracast，高频并发技术,北斗: B1I + B1C+ B2a，GPS: L1 + L5，Galileo: E1 + E5a，GLONASS: G1，QZSS: L1 + L5，NavIC: L5，AGNSS，数据网络定位，Wi-Fi 网络定位，Sensor辅助定位,蓝牙5.4，支持 SBC/AAC/AptX/AptX HD/AptX Adaptive/LDAC/LHDC 5.0/LC3/MIHC,支持NFC,支持,,USB Type-C接口,,内置高能量密度电池，不可拆卸,6800mAh大电池,90w,50w,支持,IP68等级,距离感应器，屏下环境光（色温）传感器，后置多光谱传感器，加速度传感器，陀螺仪，电子罗盘，X轴线性马达，红外线遥控器，licker传感器，激光对焦传感器，气压计，霍尔传感器,"MP3, FLAC, APE, AAC, OGG, WAV, AMR, AWB",MP4，MKV，WEBM，3GP，TS播放,,,手机主机 x1 电源适配器 x1 USB Type-C 数据线 x1 手机保护壳 x1 屏幕保护膜（出厂贴在手机上） x1 取卡针 x1 说明书（含三包凭证） x1,全国联保，享受三包服务,1年,主机1年，电池1年，充电器1年,400-100-5678,周一至周日:8:00 - 18:00(仅收市话费),自购机日起（以购机发票为准），如因质量问题或故障，凭厂商维修中心或特约维修点的质量检测证明，享受7日内退货，15日内换货，15日以上在质保期内享受免费保修等三包服务！注：单独购买手机配件产品的用户，请完好保存配件外包装以及发票原件，如无法提供上述凭证的，将无法进行正常的配件保修或更换。进入官网:,6800.0,超大电池 (6000-8000mAh),旗舰 (6000-8000),90.0,6.9,超大屏 (>6.8英寸),4,轻量 (<180g)
苹果iPhone 17 Pro Max（256GB）,苹果,iPhone Pro Max,¥9999,¥9999,超视网膜XDR显示屏，A19 Pro芯片,2139685,2025年9月10日,2025年9月19日,iPhone 17 Pro Max,三防手机: ，游戏手机: ，拍照手机: ，智能手机: ，音乐手机: ，4G手机: ，快充手机: ，5G手机: ，3G手机: ，新品手机,铝金属一体成型机身,银色，星宇橙色，深蓝色,,支持,163.4mm,78mm,8.75mm,231g,苹果 A19 Pro,,六核,,,,256GB,,,iOS 26,,,VC 均热板,6.9英寸,全面屏（中置挖孔屏），直面屏,2868x1320px,OLED,120Hz,460ppi,,,,支持,1000nits最大亮度（典型） 1600nits峰值亮度（HDR） 3000nits峰值亮度（户外） 1nits最小亮度,超瓷晶面板 2,四摄像头（后三）,后置摄像头1：融合式主摄后置摄像头2：融合式超广角后置摄像头3：融合式长焦前置摄像头1：Center Stage 前置摄像头,后置摄像头1：4800万像素后置摄像头2：4800万像素后置摄像头3：4800万像素前置摄像头1：1800万像素,后置摄像头1：f/1.78后置摄像头2：f/2.2后置摄像头3：f/2.8前置摄像头1：f/1.9,,,,后置摄像头1：第二代传感器位移式光学图像防抖后置摄像头3：3D 传感器位移式光学图像防抖,"智能 HDR 5 照片,新一代人像功能，支持焦点控制和景深控制,人像光效，支持六种效果,夜间模式,新一代摄影风格,微距摄影,空间照片,ProRAW","4K 杜比视界视频拍摄，最高可达 120 fps (融合式主摄) 或 60 fps (融合式超广角、融合式长焦),电影效果模式可拍摄浅景深视频 (最高可达 4K 杜比视界，30 fps),同步双拍 (最高可达 4K 杜比视界，30 fps),运动模式 (最高可达 2.8K 杜比视界，60 fps),空间视频拍摄，1080p (30 fps),ProRes 视频拍摄，使用外置存储最高可达 4K，120 fps,ProRes RAW,学院色彩编码系统 (ACES),Apple Log 2 模式视频拍摄,支持 Genlock,微距视频拍摄，包括慢动作和延时摄影,慢动作视频支持 1080p 最高达 240 fps 和 4K 杜比视界最高达 120 fps (融合式主摄),视频快录功能 (拍摄杜比视界 HDR 视频时最高可达 4K，60 fps)","智能 HDR 5 照片,新一代人像功能，支持焦点控制和景深控制,夜间模式,新一代摄影风格","4K 杜比视界视频拍摄，最高可达 60 fps,电影效果模式，最高可达 4K 杜比视界，30 fps,ProRes 视频拍摄，使用外置存储最高可达 4K，60 fps,慢动作视频支持 1080p (120 fps),视频快录功能 (拍摄杜比视界 HDR 视频时最高可达 4K，60 fps),影院级视频防抖功能 (4K、1080p 和 720p)",,自适应原彩闪光灯,8倍光学变焦,5G: ，4G,,,,,双卡（Nano SIM卡）,WiFi7（IEEE 802.11 a/b/g/n/ac/ax/be）,精准的双频 GPS (GPS、GLONASS、Galileo、QZSS、北斗及 NavIC),蓝牙6,支持NFC,,VoLTE,USB Type-C接口,"第二代超宽带技术芯片,Thread 网络技术",内置锂离子充电电池,,,支持,,支持，在6米深的水下停留时间最长可达30分钟，IP68,激光雷达扫描仪，高动态范围陀螺仪，高g值加速感应器，距离感应器，双环境光传感器，气压计,,,,,iPhone 17 Pro Max x1 USB-C 充电线 x1,,,,,,,,未知,超旗舰 (>8000),,6.9,超大屏 (>6.8英寸),231,重量级 (>220g)
华为畅享90 Pro Max 128GB,华为,畅享,¥1699,¥1699,8500mAh巨鲸大电池，鸿蒙AI,2160696,2026年3月23日,2026年3月23日,华为 畅享90 Pro Max,拍照手机: ，智能手机: ，音乐手机: ，4G手机: ，快充手机: ，5G手机: ，新品手机: ，热门手机,后盖：板材 边框：塑胶,飞天青，雪域白，晨曦金，曜金黑,侧面指纹识别,支持,163.3mm,78mm,7.98mm,232g,海思 麒麟8000,,,,,,128GB,,HarmonyOS 6.0,,,,,6.84英寸,全面屏（水滴屏），直面屏,2756x1272px,OLED,120Hz,444ppi,,,10.7亿色，P3广色域,,,铝硅玻璃,二摄像头（前一后一）,后置摄像头1：主摄前置摄像头1：主摄,后置摄像头1：5000万像素前置摄像头1：800万像素,后置摄像头1：f/1.9前置摄像头1：f/2.0,,,AF,后置摄像头1：AIS电子防抖前置摄像头1：AIS电子防抖,"最大可支持8192 × 6144像素,人像模式、夜景模式、高像素、全景拍照、专业模式、普通录像、延时摄影、声控拍照、笑脸抓拍、定时拍照",最大可支持4K（3840 × 2160）视频录制，支持AIS防抖,最大可支持3264 × 2448像素,最大可支持4K（3840 × 2160）视频录制，支持AIS防抖,,后置：闪光灯,后置：支持10倍数字变焦,4G,,双4G：移动TD-LTE，联通TD-LTE，联通FDD-LTE,移动3G（TD-SCDMA），联通3G（WCDMA），电信3G（CDMA2000），联通2G/移动2G（GSM），电信2G（CDMA）,TD-LTE/FDD-LTE/WCDMA/HSPA+/DC-HSDPA/EDGE/GPRS，支持VoLTE,双卡（Nano SIM卡）,双频WiFi，IEEE 802.11 a/b/g/n/ac/ax/be，2× 2 MIMO，EHT80，1024 QAM,GPS（L1+L5 双频），AGPS，GLONASS，北斗（B1I+B1C+B2a 三频），GALILEO（E1+E5a 双频），QZSS（L1+L5 双频），NavIC,蓝牙6.0，支持低功耗蓝牙，支持SBC、AAC，支持LDAC和L2HC高清音频,,支持,OTG,USB Type-C接口,星闪 E1.0,不可拆卸式电池,8500mAh大电池,40w,,,IP65,环境光传感器，红外传感器，指纹传感器，陀螺仪，NFC，指南针，接近光传感器，重力传感器,,,,,手机（内置电池） x1 华为SuperCharge充电器（Max 40W） x1 USB Type-C 数据线 x1 保护膜（出厂已贴在手机上） x1 快速指南 x1 取卡针 x1 TPU保护壳 x1,全国联保，享受三包服务,1年,主机1年，充电器1年,,,自购机日起（以购机发票为准），如因质量问题或故障，凭厂商维修中心或特约维修点的质量检测证明，享受15日内退货或更换一部享有重新计算1年保修期的设备，15日以上在质保期内根据具体情况更换相关部件或提供一台部分重新装配的设备，仅保留消费者现有设备后盖。更换的部件和,8500.0,巨无霸电池 (>8000mAh),入门 (<2000),40.0,6.84,超大屏 (>6.8英寸),232,重量级 (>220g)
华为nova 16（256GB）,华为,nova,¥2999,¥2899,后置红枫影像，麒麟9010S芯片，7000mAh巨鲸电池,2167426,2026年6月1日,2026年6月5日,华为 nova 16,时尚手机: ，拍照手机: ，智能手机: ，4G手机: ，快充手机: ，5G手机: ，新品手机: ，热门手机,后盖：板材 边框：高分子与金属复合材料,晴空蓝，天际白，幻彩贝母，星空黑,侧面指纹识别,支持,159.6mm,75.5mm,7.3mm,199g,海思 麒麟 9010S,,,,,,256GB,,HarmonyOS 6.1,,立体声双扬声器,,,6.68英寸,全面屏（中置挖孔屏），直面屏,2800x1280px,OLED,120Hz,461ppi,,300Hz触控采样率,10.7亿色，P3广色域,支持,,铝硅玻璃,四摄像头（后三）,后置摄像头1：超高清镜头后置摄像头2：RYYB潜望长焦镜头后置摄像头3：多光谱通道红枫原色镜头前置摄像头1：超清人像镜头,后置摄像头1：5000万像素后置摄像头2：5000万像素后置摄像头3：150万像素前置摄像头1：5000万像素,后置摄像头1：f/1.9后置摄像头2：f/2.6后置摄像头3：f/2.2前置摄像头1：f/2.4,,"1/1.56""大底",,"后置摄像头1：AIS电子防抖后置摄像头2：OIS光学防抖,AIS电子防抖后置摄像头3：AIS电子防抖前置摄像头1：AIS电子防抖","最大可支持8192 × 6144像素,寰宇追月、录中闪拍、人像模式(原生、质感、妆感)、端侧AI长焦增强*、个性色卡、AI辅助构图、舞台模式、AI云增强、AI动态照片、视频 HDR Vivid、风驰闪拍、夜景模式、长焦画中画、高像素模式、延时摄影、专业模式、慢动作、全景模式、AI摄影大师、笑脸抓拍、声控拍照、连拍、定时拍摄、自动添加水印、短视频、人像追焦、人像留色、人像虚化、风噪抑制",最大可支持4K（3840 × 2160）视频录制，支持AIS防抖；支持1080p@480fps超级慢动作视频,"最大可支持8192 × 6144像素,录中闪拍、个性色卡、AI云增强、AI动态照片、视频 HDR Vivid、慢动作、人像模式(原生、质感、妆感)、延时摄影、笑脸抓拍、自拍镜像、声控拍照、夜景模式、高像素、自动添加水印、定时拍摄、风噪抑制",最大可支持4K（3840 × 2160）视频录制，支持AIS防抖；支持1080p@120fps慢动作视频,,后置：LED 闪光灯,后置摄像头：支持3.3倍光学变焦（3.3倍变焦为近似值，镜头焦段分别为23 mm，88 mm） 支持100倍数字变焦,4G,,,,,双卡（Nano SIM卡）,IEEE 802.11 a/b/g/n/ac/ax/be，2x2 MIMO，EHT80，2.4GHz和5GHz，WLAN热点，WLAN直连,支持 GPS（L1 + L5 双频）/AGPS/GLONASS/北斗（B1I + B1C + B2a 三频）/GALILEO（E1 + E5a 双频）/QZSS（L1 + L5 双频）/NavIC,蓝牙6.0，支持低功耗蓝牙，支持SBC、AAC，支持LDAC和L2HC高清音频,支持NFC,支持,OTG,USB Type-C接口,"支持天际通,星闪E2.0",不可拆卸电池,7000mAh大电池,100w,,,支持防尘抗水（IP65）,环境光传感器，红外传感器，指纹传感器：（侧边指纹），陀螺仪，指南针，NFC，接近光传感器，重力传感器，其他传感器：Flicker传感器,mp3、mp4、ogg、amr、wav、flac、aac,mp4,Huawei Histen,,手机（内置电池） x1 华为冰糖全能充电器（Max 100W） x 1 USB Type-C 数据线 x1 保护膜（出厂已贴在手机上） x1 快速指南 x1 取卡针 x1 TPU保护壳 x1,全国联保，享受三包服务,1年,主机1年，充电器1年,,,自购机日起（以购机发票为准），如因质量问题或故障，凭厂商维修中心或特约维修点的质量检测证明，享受15日内退货或更换一部享有重新计算1年保修期的设备，15日以上在质保期内根据具体情况更换相关部件或提供一台部分重新装配的设备，仅保留消费者现有设备后盖。更换的部件和,7000.0,超大电池 (6000-8000mAh),中端 (2000-4000),100.0,6.68,大屏 (6.5-6.8英寸),199,适中 (180-200g)
苹果iPhone 17（256GB）,苹果,iPhone,¥5999,¥5999,A19芯片，4800万像素融合式双摄,2139583,,2025年9月19日,iPhone 17,拍照手机: ，平板手机: ，新品手机: ，热门手机: ，自拍手机: ，5G手机: ，4G手机: ，3G手机: ，智能手机,铝金属设计 超瓷晶面板 2 (正面) 融色玻璃背板 (黑色、青雾蓝色、鼠尾草绿色、薰衣草紫色),黑色，白色，青雾蓝色，鼠尾草绿色，薰衣草紫色,,支持,149.6mm,71.5mm,7.95mm,177g,苹果 A19,,六核,五核图形处理器,8GB,LPDDR5,256GB,Nvme,iOS 26,,,,,6.3英寸,全面屏（药丸挖孔屏）直面屏,2622x1206px,OLED,120Hz,460ppi,,,"原彩显示,广色域 (P3)",支持,1000nits最大亮度 (典型)；1600nits峰值亮度 (HDR)；3000nits峰值亮度 (户外)；最小亮度为1nits,,三摄像头（前一后二）,后置摄像头1：融合式主摄后置摄像头2：融合式超广角前置摄像头1：Center Stage摄像头,后置摄像头1：4800万像素后置摄像头2：4800万像素前置摄像头1：1800万像素,后置摄像头1：f/1.6后置摄像头2：f/2.2前置摄像头1：f/1.9,,,Focus Pixels 自动对焦,传感器位移式光学图像防抖功能,"超高分辨率照片 (2400 万像素和 4800 万像素),光像引擎，深度融合技术，智能 HDR 5，新一代人像功能，支持焦点控制和景深控制，人像光效，支持六种效果，夜间模式，全景模式 (最高可达 6300 万像素)，新一代摄影风格，空间照片，4800 万像素微距摄影，拍摄广色域的照片和实况照片，镜头畸变校正 (融合式超广角)，先进的红眼校正功能，自动图像防抖功能，连拍模式，照片地理标记功能，图像拍摄格式：HEIF 和 JPEG",4K 杜比视界视频拍摄，24fps、25fps、30fps 或 60fps；1080p 杜比视界视频拍摄，25fps、30fps 或 60fps；720p 杜比视界视频拍摄，30fps；电影效果模式，最高可达 4K 杜比视界，30fps；运动模式，最高可达 2.8K 杜比视界，60fps；微距视频拍摄，包括慢动作和延时摄影；慢动作视频支持 1080p (120fps 或 240fps)；空间视频拍摄，1080p (30fps)；同步双拍 (最高可达 4K 杜比视界，30fps)；延时摄影视频，支持防抖功能；夜间模式延时摄影；视频快录功能 (最高可达 4K 杜比视界，60fps)；传感器位移式视频光学图像防抖功能 (融合式主摄)；最高可达 6 倍数码变焦；音频变焦；原彩闪光灯；影院级视频防抖功能 (4K、1080p 和 720p)；连续自动对焦视频；4K 视频录制过程中拍摄 800 万像素静态照片；变焦播放；视频录制格式：HEVC 和 H.264；空间音频和立体声录音；风噪降低；混音,轻点变焦和旋转；拍照人物居中；视频超稳防抖；同步双拍；视频通话人物居中；光像引擎；深度融合技术；智能 HDR 5；新一代人像功能，支持焦点控制和景深控制；人像光效，支持六种效果；动话表情和拟我表情；夜间模式；新一代摄影风格；拍摄广色域的照片和实况照片；镜头畸变校正；自动图像防抖功能；连拍模式,4K 杜比视界视频拍摄，24fps、25fps、30fps 或 60fps；1080p 杜比视界视频拍摄，25fps、30fps 或 60fps；电影效果模式，最高可达 4K 杜比视界，30fps；慢动作视频支持 1080p (120fps)；延时摄影视频，支持防抖功能；夜间模式延时摄影；视频快录功能 (最高可达 4K 杜比视界，60fps)；影院级视频防抖功能 (4K、1080p 和 720p)；空间音频和立体声录音；风噪降低；混音,,后置：原彩闪光灯,"后置：2 倍光学变焦 (放大)，2 倍光学变焦 (缩小)；4 倍光学变焦范围,最高可达10倍数码变焦",5G: ，4G,移动5G（NR TDD），联通5G（NR TDD），电信5G（NR TDD）,全网通：移动TD-LTE，联通TD-LTE，联通FDD-LTE，电信TD-LTE，电信FDD-LTE,移动3G（TD-SCDMA），联通3G（WCDMA），电信3G（CDMA2000）,FDD5G NR (频段 n1、n2、n3、n5、n7、n8、n12、n20、n25、n26、n28、n30、n66、n70、n75) TDD5G NR (频段 n38、n40、n41、n48、n77、n78、n79) FDDLTE (频段 1、2、3、4、5、7、8、12、13、17、18、19、20、25、26、28、30、32、66) TDDLTE (频段 34、38、39、40、41、42、48) UMTS/HSPA+/DC-HSDPA (850、900、1700/2100、1900、2100 MHz) GSM/EDGE (850、900、1800、1900 MHz),双卡（Nano SIM卡）,Apple N1无线网络芯片：802.11be无线局域网，具备 2x2 MIMO 技术,精准的双频 GPS (GPS、GLONASS、Galileo、QZSS、北斗及 NavIC)，数字指南针，无线局域网，蜂窝网络，iBeacon 微定位,蓝牙6.0,支持NFC,,,USB Type-C接口,"5G (sub-6 GHz)，具备 4x4 MIMO 技术,千兆 LTE，具备 4x4 MIMO 技术,Thread 网络技术",不可拆卸式电池,,40w,MagSafe无线充电 (功率最高可达15w)，Qi2无线充电 (功率最高可达15w),,IP68等级,面容ID，气压计，高动态范围陀螺仪，高g值加速感应器，距离感应器，双环境光传感器,"支持的格式包括AAC、APAC、MP3、Apple 保真压缩、FLAC、杜比数字、杜比数字+、杜比全景声,空间音频播放,用户可调节音量上限",支持的格式包括 HEVC、H.264 和 AV1 HDR 支持包括杜比视界、HDR10+/HDR10 和 HLG 通过隔空播放进行镜像，或将照片和视频输出至支持此功能的智能电视，最高可达 4K HDR 视频镜像和视频输出支持：通过 USB-C 或 USB-C 数字影音转换器进行原生 DisplayPort 输出，最高可达 4K HDR (转换器型号为 A2119，需单独购买,,"操作按钮功能：静音模式、专注模式、相机、视觉智能10、手电筒、语音备忘录、识别音乐、翻译、放大器、控制项、快捷指令或辅助功能,相机控制：曝光、景深、变焦、相机、风格、色调",iPhone 17 x1 USBC 充电线 (1 米) x1 资料 x1,全国联保，享受三包服务,1年,iPhone及所含配件享有1年的保修期,400-666-8800,周一至周五：9：00-20：00：周六至周日：9：00-18：00,自购机日起（以购机发票为准），如因质量问题或故障，凭厂商维修中心或特约维修点的质量检测证明，享受15日内退货或更换一部享有重新计算1年保修期的设备，15日以上在质保期内根据具体情况更换相关部件或提供一台部分重新装配的设备，仅保留消费者现有设备后盖。更换的部件和,,未知,高端 (4000-6000),40.0,6.3,中屏 (6-6.5英寸),177,轻量 (<180g)
vivo X300(12GB/256GB),vivo,X,¥4399,¥4599,蔡司2亿超级主摄，APO超级长焦,2142760,2025年10月13日,2025年10月13日,vivo X300,游戏手机: ，拍照手机: ，智能手机: ，音乐手机: ，快充手机: ，曲屏手机: ，5G手机: ，新品手机: ，热门手机,中框材质：铝合金 后盖材质：玻璃,幸运彩，自在蓝，惬意紫，纯粹黑,屏幕指纹识别（3D超声波单点指纹）,支持,150.57mm,71.92mm,7.95mm,190g,联发科 天玑 9500,4.21GHz*1+3.5GHz*3+2.7GHz*4,八核,Mali G1-Ultra,12GB,LPDDR5X Ultra 四通道,256GB,UFS 4.1,OriginOS 6,Android 16,立体声双扬声器,,,6.31英寸,全面屏（中置挖孔屏），直面屏,2640x1216px,AMOLED,120Hz,460ppi,94.66%,普通报点率130Hz，游戏高报点率场景300Hz,"支持P3广色域,10.7亿色",支持,,,四摄像头（后三）,后置摄像头1：主摄后置摄像头2：广角镜头后置摄像头3：潜望式长焦镜头前置摄像头1：主摄,后置摄像头1：2亿像素后置摄像头2：5000万像素后置摄像头3：5000万像素前置摄像头1：5000万像素,后置摄像头1：f/1.68后置摄像头2：f/2.0后置摄像头3：f/2.57前置摄像头1：f/2.0,,,后置摄像头1：AF后置摄像头2：AF后置摄像头3：AF前置摄像头1：AF,后置摄像头1：OIS光学防抖后置摄像头2：OIS光学防抖后置摄像头3：OIS光学防抖,抓拍、风光与夜景、人像、拍照、录像、人像录像、全景、超清文档、慢动作、舞台、延时摄影、专业、美食、人文、扫描,最高均支持4K,拍照、人像、录像、人像录像,最高均支持4K,,LED补光灯,前置支持2倍数字变焦；后置主摄支持100倍数字变焦，后置广角支持0.9倍数字变焦，后置潜望支持3倍光学变焦、100倍数字变焦,5G: ，4G,移动5G（NR TDD），联通5G（NR TDD），电信5G（NR TDD）,移动TD-LTE，联通TD-LTE，联通FDD-LTE，电信TD-LTE，电信FDD-LTE,移动3G（TD-SCDMA），联通3G（WCDMA），电信3G（CDMA2000）,2G GSM频段：850/900/1800/1900MHz 3G WCDMA频段：B1/B2/B4/B5/B6/B8/B19 4G TD-LTE频段：B34/B38/B39/B40/B41/B42/B43/B48 4G FDD-LTE频段：B1/B2/B3/B4/B5/B7/B8/B18/B19/B20/B25/B26/B28A/B66 5G频段：n1/n2/n3/n5/n7/n8/n18/n20/n25/n26/n28A/n34/n38/n39/n40/n41/n48/n66/n77/n78,双卡（Nano SIM卡）,WiFi Display;2*2 MIMO;MU-MIMO;WiFi 6;WiFi 7;2.4G&5G双路并发,GPS：L1;L5，北斗：B1C;B1I;B2a;B2b，GLONASS：G1，Galileo：E1;E5a;E5b，QZSS：L1;L5，NavIC：L1;L5， GNSS功能：AGPS，蜂窝网络定位，无线局域网定位,蓝牙5.4，支持SBC/AAC/APTX/APTX HD/LDAC/LHDC 5.0,支持NFC,支持,,USB Type-C接口,,不可拆卸式电池,6040mAh大电池,90w,支持,OTG反向充电,,重力感应器，光敏感应器，接近感应器，陀螺仪，电子罗盘，其他传感器：激光对焦传感器;霍尔传感器;红外遥控;Flicker传感器，马达：X轴线性马达,AAC、WAV、MP3、MIDI、VORBIS、APE、FLAC,,,,手机 x1 充电头 x1 Type-C数据线 x1 保护壳 x1 原装膜（出厂已贴好） x1 取卡针 x1 快速入门指南 x1,全国联保，享受三包服务,1年,主机1年，电池6个月，充电器1年,400-678-9688；800-830-5833,全天24小时服务,自购机日起（以购机发票为准），如因质量问题或故障，凭厂商维修中心或特约维修点的质量检测证明，享受7日内退货，30日内换货，30日以上在质保期内享受免费保修等三包服务！注：单独购买手机配件产品的用户，请完好保存配件外包装以及发票原件，如无法提供上述凭证的，将无法进行正常的配件保修或更换。进入官网:,6040.0,超大电池 (6000-8000mAh),高端 (4000-6000),90.0,6.31,中屏 (6-6.5英寸),190,适中 (180-200g)
Redmi K90至尊版（16GB/256GB）,小米,Redmi K,¥2799,¥2999,骁龙8至尊版，165Hz高刷电竞屏,2170296,2026年06月30日,2026年06月30日,REDMI K90 至尊版,三防手机: ，智能手机: ，4G手机: ，快充手机: ，5G手机: ，3G手机: ，新品手机,,暗影黑，天际蓝，太空银,屏幕指纹识别（3D超声波指纹）,支持,162.91mm,77.93mm,8.18mm,227g,高通 骁龙 8 Elite,最高主频4.32GHz,八核,高通 Adreno,16GB,LPDDR5X,256GB,UFS 4.1,Xiaomi HyperOS 3,Android 16,两颗1115X对称立体声扬声器,X轴线性马达,"6000mm 超大冷泵,风冷主动散热",6.83英寸,全面屏（中置挖孔屏），直面屏,2772x1280px,AMOLED,165Hz,,,"触控报点率：最高480Hz,瞬时触控采样率：最高3500Hz","12bit 色深（687亿色）,DCI-P3 广色域",HDR 10+,多场景峰值亮度：3500nits,,三摄像头（后双）,后置摄像头1：超感光主摄后置摄像头2：超广角镜头前置摄像头1：高清相机,后置摄像头1：5000万像素后置摄像头2：800万像素前置摄像头1：2000万像素,后置摄像头1：f/1.68后置摄像头2：f/2.2,光影猎人 800,"后置摄像头1：1/1.55""超大底后置摄像头2：1/4""",,三轴闭环 OIS防抖,动态照片｜照片水印｜HDR10+｜运动抓拍｜专业预设｜夜景｜万物追焦｜人像虚化｜视频美颜｜专业模式｜延时摄影｜文档模式｜慢动作｜长曝光｜身份证影印｜全景｜倒计时拍照｜声控拍照｜触屏拍照｜定时连拍｜参考线｜水平仪,"8K 视频拍摄：30fps 4K 视频拍摄：30 / 60fps 1080P 视频拍摄：30 / 60fps 720P 视频拍摄：30fps,慢动作视频拍摄：720P 120fps / 240fps / 960fps 慢动作视频拍摄：1080P 120fps / 240fps / 960fps",动态照片｜人像虚化｜照片水印｜视频美颜｜延时摄影｜慢动作｜视频提词器｜倒计时拍照｜手势拍照｜声控拍照｜ 触屏拍照｜参考线,1080P 视频拍摄：30 / 60fps 720P 视频拍摄：30fps 720P 慢动作：120fps,,,,5G: ，4G: ，3G,移动5G（NR），联通5G（NR），电信5G（NR），广电5G（NR）,,联通3G（WCDMA），联通2G/移动2G（GSM）,"5G ：n1/n3/n5/n7/n8/n28/n66/n38/n40/n41/n48/n77/n78,4G：FDD-LTE：B1/B3/B4/B5/B7/B8/B19/B28/B66 TDD-LTE：B34/B38/B39/B40/B41/B42/B48,3G：WCDMA：B1/B4/B5/B6/B8/B19,2G：GSM：B3/B5/B8 ,支持 4x4 MIMO 天线技术 “HPUE” HORxD",双卡（Nano SIM卡）,WLAN 协议：Wi-Fi 7、Wi-Fi 6、Wi-Fi 5、Wi-Fi 4 以及 802.11a / b / g WLAN 频率： 2.4G Wi-Fi | 5G Wi-Fi 支持 2x2 MIMO，Wi-Fi Direct，Miracast，2.4G、5G 双路并发,北斗（B1I+B1C+B2a），GPS（L1+L5），Galileo（E1+E5a），GLONASS（G1），QZSS（L1+L5），NavIC，A-GNSS，数据网络定位，Wi-Fi 网络定位，sensor 辅助定位,蓝牙5.4，支持AAC/LDAC/LHDC 5.0/LC3/ASHA/Auracast,支持NFC（多功能）,支持,,USB Type-C接口,"小米澎湃 T1+ 信号增强芯片,7根竞技天线",内置锂离子聚合物电池,8550mAh大电池,100W有线快充，22.5W有线反充,,,IP66/IP68/IP69 防尘防水大满贯,光学距离传感器，360° 前后双光感，加速度传感器，环境色温传感器，电子罗盘，陀螺仪，红外遥控，Flicker 传感器,MP3，FLAC，APE， AAC，OGG，WAV，AMR，AWB,"MP4，MKV，WEBM，3GP，MOV 播放,支持 HDR10/10+，HLG 视频播放",Hi-Res & Hi-Res Audio Wireless 认证，杜比全景声，QQ音乐·臻品音质认证,,手机主机 x1 电源适配器 x1 USB Type-C数据线 x1 卡针 x1 手机保护壳 x1 说明书(含三包凭证) x1 屏幕保护膜(出厂贴在手机上) x1 风扇清理毛刷 x1,,,,,,,8550.0,巨无霸电池 (>8000mAh),中端 (2000-4000),100.0,6.83,超大屏 (>6.8英寸),227,重量级 (>220g)
HUAWEI Mate 80 Pro Max(16GB/512GB),华为,Mate,¥7999,¥7999,麒麟9030 Pro芯片，全金属玄武架构,2148015,2025年11月25日,2025年11月28日,HUAWEI Mate 80 Pro Max,三防手机: ，拍照手机: ，3G手机: ，智能手机: ，4G手机: ，快充手机: ，5G手机: ，3G手机: ，新品手机,铝合金边框，金属后壳,极夜黑，极夜黑，极昼金，极光青,侧面指纹识别,支持,164.4mm,79mm,8.25mm,239g,海思 麒麟9030 Pro,,,,16GB,,512GB,,,HarmonyOS 6.0,立体声扬声器,,,6.9英寸,全面屏（中置挖孔屏），直面屏,2848x1320px,OLED（LTPO）,120Hz（1-120）,455ppi,,300Hz,10.7亿色，P3广色域,,8000nits峰值亮度,第二代昆仑玻璃,七摄像头（前二后五）,后置摄像头1：超高动态摄像头后置摄像头2：超广角摄像头后置摄像头3：超聚光微距长焦摄像头后置摄像头4：超长焦摄像头后置摄像头5：第二代红枫原色摄像头前置摄像头1：超广角摄像头前置摄像头2：3D深感摄像头,后置摄像头1：5000万像素后置摄像头2：4000万像素后置摄像头3：5000万像素后置摄像头4：5000万像素前置摄像头1：1300万像素,后置摄像头1：f/1.4-f/4.0后置摄像头2：f/2.2后置摄像头3：f/2.1后置摄像头4：f/3.2前置摄像头1：f/2.0,,,后置摄像头2：AF后置摄像头3：AF后置摄像头4：AF前置摄像头1：AF,"后置摄像头1：OIS光学防抖,AIS电子防抖后置摄像头2：AIS电子防抖后置摄像头3：OIS光学防抖,AIS电子防抖后置摄像头4：OIS光学防抖,AIS电子防抖前置摄像头1：AIS电子防抖","最大可支持8192×6144像素,XMAGE风格、AI 辅助构图、电影效果、舞台模式、超清全景、AI 超清增强、超级夜景、寰宇追月、绚丽星空、星空人像、AI 动态照片、视频 HDR Vivid、视频 Log、拍照 RAW 格式、闪拍、运动防抖、高画质模式、超级微距、微距视频、微距画中画、长焦画中画、高像素模式、延时摄影、超大广角、大光圈虚化、人像模式、专业模式、慢动作、流光快门、水印、AI 摄影大师、笑脸抓拍、声控拍照、定时拍照、连拍",最大可支持3840×2160像素,"最大可支持4160×3120像素,XMAGE风格、AI 动态照片、视频 HDR Vivid、慢动作、人像模式、延时摄影、笑脸抓拍、自拍镜像、声控拍照、定时拍照",最大可支持3840×2160像素,,后置：LED 闪光灯,后置摄像头：支持4倍和6.2倍光学变焦(4 倍、6.2倍变焦为近似值，镜头焦段分别为 24 mm，13 mm，90.5 mm，140 mm）、12.4倍光学品质变焦、100倍数字变焦,5G: ，4G,移动5G（NR），联通5G（NR），电信5G（NR），广电5G（NR）,,,,双卡（Nano SIM卡）,802.11 a/b/g/n/ac/ax/be，2x2 MIMO，EHT160，8 Spatial-stream Sounding MU-MIMO，2.4GHz和5GHz，WLAN直连，WLAN热点,支持 GPS（L1+L5双频）/AGPS/GLONASS/北斗（B1I+B1C+B2a+B2b四频）/GALILEO（E1+E5a+E5b 三频）/QZSS（L1+L5 双频）/NavIC,蓝牙6.0，支持低功耗蓝牙，支持SBC、AAC，支持LDAC和L2HC高清音频,支持NFC,支持,OTG,USB Type-C接口,"支持北斗卫星消息,支持天际通,支持星闪E2.0",不可拆卸式电池,6000mAh大电池,100w（20V/5A）,80w,支持,IP69&IP68等级,3D人脸识别，环境光传感器，红外传感器，指纹传感器，霍尔传感器，陀螺仪，指南针，气压计，指南针，接近光传感器，重力传感器，姿态感应器，Camera激光对焦传感器，色温传感器,mp3、mp4、ogg、amr、aac、flac、wav,mp4,Huawei Histen,700MHz 无网应急通信、2.4GHz 畅连无网通信、AI降噪通话、户外探索模式*、极限续航模式*、电影效果、AI动态照片、动感摇拍、高清直播、AI一键成片、AI魔法表情*、小艺简报*、灵动主角、元气心情、小艺帮帮忙、AI智感握姿、三振膜防漏音、AI隔空传送、AI智控键、AI通话摘要、AI通话翻译、AI消息随身、天通卫星通话、卫星寻呼、双向北斗卫星消息、智能可变光圈、物理光圈10档可调、超级夜景、超级微距、微距视频、视频HDR Vivid、小艺智慧语音、灵动熄屏显示、中转站、智感支付、智感扫码、低电量应急模式、口罩人脸识别、超级终端、小艺字幕、跨设备剪贴板、超级隐私模式、隐私空间、畅连通话、多屏协同、智能截屏、小艺视觉、华为分享、无线投屏、应用分身、密码保险箱,手机（含内置电池） x1 华为SuperCharge充电器 x1 USB Type-C 数据线 x1 透明保护壳 x1 保护膜（出厂贴在手机上） x1 快速指南 x1 取卡针 x1,全国联保，享受三包服务,1年,主机1年，充电器1年,华为：400-830-8300；400-690-2116；800-830-8300,,,6000.0,超大电池 (6000-8000mAh),旗舰 (6000-8000),100.0,6.9,超大屏 (>6.8英寸),239,重量级 (>220g)
荣耀X70(8GB/128GB),荣耀,X,¥1399,¥1699,金标十面抗摔，IP69防水，8300mAh电池,2132773,2025年7月15日,,荣耀 X70,3G手机: ，智能手机: ，4G手机: ，快充手机: ，5G手机: ，新品手机,,幻夜黑，月影白，朱砂红，竹韵青,屏幕指纹识别,支持,161.9mm,76.1mm,7.96mm,199g,高通 骁龙6 Gen4,2.3GHz A720*1+2.2GHz A720*3+1.8GHz A520*4,八核,高通 Adreno 810,8GB,,128GB,,MagicOS 9.0,Android 15,扬声器数量：2个,,,6.79英寸,全面屏（中置挖孔屏），直面屏,2640x1200px,AMOLED,120Hz,,94.62%,,DCI-P3广色域，10.7亿色,,1200nits峰值亮度,,双摄像头（前一后一）,后置摄像头1：主摄前置摄像头1：主摄,后置摄像头1：5000万像素前置摄像头1：800万像素,后置摄像头1：f/1.88前置摄像头1：f/2.0,,1/1.67英寸,,OIS光学防抖,"最大可支持 8192*6144像素,动态照片、慢动作、精彩抓拍、延时摄影、文档扫描、全景拍照、高像素模式、多镜录像、夜景模式、人像模式(含美肤)、录像、微电影、专业拍照、HDR拍照、滤镜、水印、笑脸抓拍、声控拍照、定时拍照、连拍、AI摄影等",最大可支持3840*2160像素,"最大可支持 3264×2448,动态照片、人像模式、水印、滤镜、笑脸抓拍、自拍镜像、声控拍照、定时拍照、手势拍照等",最大可支持 2520*1080像素,,,,5G: ，4G,移动5G（NR TDD），联通5G（NR TDD），电信5G（NR TDD）,移动TD-LTE，联通TD-LTE，联通FDD-LTE，电信TD-LTE，电信FDD-LTE,移动3G（TD-SCDMA），联通2G/移动2G（GSM）,,双卡（Nano SIM卡）,双频WiFi，802.11 a/b/g/n/ac,GPS，蜂窝网络定位，WLAN 网络定位，Glonass，北斗，AGPS，伽利略,蓝牙5.2，支持低功耗蓝牙(BLE) 支持SBC、AAC、LDAC、aptX、aptX HD、aptX Adaptive 支持ASHA助听器协议,支持NFC,支持,,USB Type-C接口,环球行、Link Turbo X网络加速、智慧选网,不可拆卸电池,8300mAh大电池,80w,支持,支持,IP69K+IP69+IP68+IP66 满级防水,加速度传感器，接近光传感器（非实体器件，使用超声代替），指纹传感器，指南针，陀螺仪，重力传感器，红外传感器,,,,安全功能：AI换脸检测、密码保险箱、模糊位置、反诈防护、应用锁、支付保护中心、平行空间,手机（含内置电池） x1（TP保护膜出厂已粘贴） HONOR SuperCharge充电器 x1 USB Type-C 数据线 x1 快速指南 x1 取卡针 x1 PC保护壳 x1 包装盒 x1,全国联保，享受三包服务,1年,主机1年，充电器1年,,,,8300.0,巨无霸电池 (>8000mAh),入门 (<2000),80.0,6.79,大屏 (6.5-6.8英寸),199,适中 (180-200g)
苹果iPhone 17 Pro（256GB）,苹果,iPhone Pro,¥8999,¥8999,视网膜XDR显示屏，A19 Pro芯片,2139584,2025年9月10日,2025年9月19日,iPhone 17 Pro,三防手机: ，游戏手机: ，拍照手机: ，智能手机: ，音乐手机: ，4G手机: ，快充手机: ，5G手机: ，3G手机: ，新品手机,铝金属一体成型机身,银色，星宇橙色，深蓝色,,支持,150mm,71.9mm,8.75mm,204g,苹果 A19 Pro,,六核,,,,256GB,,,iOS 26,,,激光焊接 VC 均热板,6.3英寸,全面屏（中置挖孔屏），直面屏,2622x1206px,OLED,120Hz,460ppi,,,,支持,1000nits最大亮度（典型） 1600nits峰值亮度（HDR） 3000nits峰值亮度（户外） 1nits最小亮度,超瓷晶面板 2,四摄像头（后三）,后置摄像头1：融合式主摄后置摄像头2：融合式超广角摄像头后置摄像头3：融合式长焦摄像头前置摄像头1：Center Stage 前置摄像头,后置摄像头1：4800万像素后置摄像头2：4800万像素后置摄像头3：4800万像素前置摄像头1：1800万像素,后置摄像头1：f/1.78后置摄像头2：f/2.2后置摄像头3：f/2.8前置摄像头1：f/1.9,,,,后置摄像头1：第二代传感器位移式光学图像防抖后置摄像头3：3D 传感器位移式光学图像防抖,"智能 HDR 5 照片,新一代人像功能，支持焦点控制和景深控制,人像光效，支持六种效果,夜间模式,新一代摄影风格,微距摄影,空间照片,ProRAW","4K 杜比视界视频拍摄，最高可达 120 fps (融合式主摄) 或 60 fps (融合式超广角、融合式长焦),电影效果模式可拍摄浅景深视频 (最高可达 4K 杜比视界，30 fps),同步双拍 (最高可达 4K 杜比视界，30 fps),运动模式 (最高可达 2.8K 杜比视界，60 fps),空间视频拍摄，1080p (30 fps),ProRes 视频拍摄，使用外置存储最高可达 4K，120 fps,ProRes RAW,学院色彩编码系统 (ACES),Apple Log 2 模式视频拍摄,支持 Genlock,微距视频拍摄，包括慢动作和延时摄影,慢动作视频支持 1080p 最高达 240 fps 和 4K 杜比视界最高达 120 fps (融合式主摄),视频快录功能 (拍摄杜比视界 HDR 视频时最高可达 4K，60 fps)","智能 HDR 5 照片,新一代人像功能，支持焦点控制和景深控制,夜间模式,新一代摄影风格","4K 杜比视界视频拍摄，最高可达 60 fps,电影效果模式，最高可达 4K 杜比视界，30 fps,ProRes 视频拍摄，使用外置存储最高可达 4K，60 fps,慢动作视频支持 1080p (120 fps),视频快录功能 (拍摄杜比视界 HDR 视频时最高可达 4K，60 fps),影院级视频防抖功能 (4K、1080p 和 720p)",,自适应原彩闪光灯,8倍光学变焦,5G: ，4G,,,,,双卡（Nano SIM卡）,WiFi7（IEEE 802.11 a/b/g/n/ac/ax/be）,精准的双频 GPS (GPS、GLONASS、Galileo、QZSS、北斗及 NavIC),蓝牙6,支持NFC,,VoLTE,USB Type-C接口,"第二代超宽带技术芯片,Thread 网络技术",内置锂离子充电电池,,,支持,,支持，在6米深的水下停留时间最长可达30分钟，IP68,激光雷达扫描仪，高动态范围陀螺仪，高g值加速感应器，距离感应器，双环境光传感器，气压计,,,,,iPhone 17 Pro x1 USB-C 充电线 x1,,,,,,,,未知,超旗舰 (>8000),,6.3,中屏 (6-6.5英寸),204,较重 (200-220g)
vivo S60（12GB/256GB）,vivo,S,¥3599,¥3599,4K原生感Live，云台级防抖主摄,2167424,2026年05月29日,2026年06月03日,vivo S60,游戏手机: ，5G手机: ，4G手机: ，3G手机: ，智能手机: ，平板手机: ，拍照手机: ，快充手机: ，新品手机,中框材质：铝合金 后盖材质：玻璃,星星海，初夏绿，仲夏夜,屏幕指纹识别（3D超声波单点指纹）,支持,157.52mm,74.33mm,7.79mm,205g,高通 骁龙8S Gen3,3.01GHz*1+2.8GHz*4+2.0GHz*3,八核,高通 Adreno 735,12GB,,256GB,,OriginOS 6,Android 16,立体双扬,X轴线性马达,VC液冷散热,6.59英寸,全面屏（中置挖孔屏），直面屏,2750x1260px,AMOLED,144Hz,459ppi,94.7%,显示帧率60Hz、90Hz、120Hz报点率130Hz， 显示帧率144Hz，触屏报点率160Hz， 游戏模式300Hz，瞬时：2.0kHz,"屏幕色彩：10.7亿色,色彩饱和度：支持P3广色域",支持,局部峰值亮度：5000nits,,四摄像头（后三）,后置摄像头1：索尼云台级防抖主摄后置摄像头2：索尼大底潜望长焦后置摄像头3：低畸变超广角镜头前置摄像头1：主摄,后置摄像头1：5000万像素后置摄像头2：5000万像素后置摄像头3：800万像素前置摄像头1：5000万像素,后置摄像头1：f/1.75后置摄像头2：f/2.65后置摄像头3：f/2.2前置摄像头1：f/2.0,后置摄像头1：索尼LYTIA700V后置摄像头2：索尼IMX882,"后置摄像头1：1/1.56""后置摄像头2：1/1.95″",后置摄像头1：AF后置摄像头2：AF后置摄像头3：FF前置摄像头1：AF,"后置摄像头1：OIS光学防抖,EIS电子防抖后置摄像头2：OIS光学防抖,EIS电子防抖后置摄像头3：EIS电子防抖",创作、夜景、实况、人像、拍照、录像、高像素、全景、超清文档、慢动作、 延时摄影、专业、抓拍、美食、扫描、一拍得相机,后置主摄、后置潜望最高支持4K，后置广角最高支持1080P,创作、夜景、人像、实况、拍照、录像、高像素、化妆镜、一拍得相机,最高支持4K,,前置：双色温柔光环，后置：影棚级双色温柔光环,"前后置均支持数字变焦；最大支持100x数字变焦,前置支持0.8-2x数字变焦 后置主摄支持1-10x数字变焦 后置长焦支持3-100x数字变焦 后置广角支持0.6x-0.9x数字变焦",5G: ，4G: ，3G,,,,"5G: n1/n3/n5/n7/n8/n18/n26/n28A/n38/n40/n41/n48/n66/n77/n78,4G FDD-LTE: B1/B3/B4/B5/B7/B8/B18/B19/B26/B28A/B66,4G TD-LTE: B34/B38/B39/B40/B41/B42/B43/B48,3G WCDMA: B1/B4/B5/B6/B8/B19,2G GSM: 850/900/1800MHz",双卡（Nano SIM卡）,支持频段WLAN 2.4G、WLAN 5G;支持功能包括Wi-Fi Display、2*2 MIMO、MU-MIMO、Wi-Fi 6,GPS：L1，北斗：B1C;B1I，GLONASS：G1，Galileo：E1，QZSS：L1， AGPS，蜂窝网络定位，无线局域网定位，支持 GPS：L1，北斗：B1C+B1I，GLONASS：G1，Galileo：E1，QZSS：L1，支持 AGPS、蜂窝网络定位、无线局域网定位,蓝牙5.4，支持SBC、AAC、aptX、aptX HD、aptX Adaptive、aptX Lossless、LDAC、LHDC 5.0,支持NFC（全场景）,支持,"OTG,WLAN热点",USB Type-C接口,寰宇智慧通信3.0,不可拆卸式电池,7200mAh大电池,90w,,支持，OTG反向充电,IP69+IP68级防尘抗水,加速度传感器，环境光传感器，接近传感器，陀螺仪，电子罗盘，指纹传感器，红外遥控，X轴线性马达,AAC、WAV、M4A、MP3、MIDI、OGG、APE、FLAC,,,,手机 x1 充电头 x1 Type-C数据线 x1 保护壳 x1 原装膜（出厂已贴好） x1 取卡针 x1 快速入门指南 x1,全国联保，享受三包服务,1年,主机1年，电池6个月，充电器1年,400-678-9688,全天24小时服务,自购机日起（以购机发票为准），如因质量问题或故障，凭厂商维修中心或特约维修点的质量检测证明，享受7日内退货，30日内换货，30日以上在质保期内享受免费保修等三包服务！注：单独购买手机配件产品的用户，请完好保存配件外包装以及发票原件，如无法提供上述凭证的，将无法进行正常的配件保修或更换。进入官网:,7200.0,超大电池 (6000-8000mAh),中端 (2000-4000),90.0,6.59,大屏 (6.5-6.8英寸),205,较重 (200-220g)
荣耀500 Pro(12GB/256GB),荣耀,数字,¥3599,¥3299,骁龙8至尊旗舰芯，青海湖电池,2148023,2025年11月24日,2025年11月24日,荣耀 500 Pro,拍照手机: ，智能手机: ，快充手机: ，5G手机: ，新品手机: ，热门手机: ，自拍手机,,曜石黑，月光银，海蓝宝，星光粉,屏幕指纹识别,支持,155.8mm,74.2mm,7.75mm,201g,高通 骁龙 8 Elite,4.32GHz*2+3.53GHz*6,八核,高通 Adreno 830,12GB,,256GB,,MagicOS 10.0,Android 16,2个,,,6.55英寸,全面屏（中置挖孔屏），直面屏,2736x1264px,AMOLED,120Hz,,95.4%,,真10.7亿色，DCI-P3广色域,支持,600nits（典型值）1800nits（全局最大亮度）6000nits（峰值亮度）,,四摄像头（后三）,后置摄像头1：广角摄像头后置摄像头2：长焦摄像头后置摄像头3：超广角微距摄像头前置摄像头1：广角摄像头,后置摄像头1：2亿像素后置摄像头2：5000万像素后置摄像头3：1200万像素前置摄像头1：5000万像素,后置摄像头1：f/1.9后置摄像头2：f/2.4后置摄像头3：f/2.2前置摄像头1：f/2.0,,,自动对焦,后置摄像头1：OIS光学防抖后置摄像头2：OIS光学防抖,最大可支持16384 x 12288像素,"最大可支持4K（3840 x 2160）像素,AI超级长焦、舞台模式、鹰眼精彩抓拍、鹰眼自动抓拍、雅顾人像艺术风格、胶片模拟、智能追焦、主角追焦、动态照片、延时摄影、AI摄影、广角、大光圈、多镜录像、夜景模式、人像模式（含美颜美妆）、专业模式、慢动作、全景、录像、HDR拍照、滤镜、文档扫描、超级微距、笑脸抓拍、声控拍照、定时拍摄、智能广角、长焦画中画、月亮模式、超级夜景视频、连拍、高像素模式等","最大可支持8192×6144 像素,动态照片、人像模式、夜景模式、滤镜、笑脸抓拍、自拍镜像、声控拍照、定时拍摄、手势拍照、水印模式、高像素模式、自拍环形补光、多镜录像等",最大支持4K（3840 × 2160）视频录制,,,后置：最大100倍数字变焦。,5G: ，4G,移动5G（NR），联通5G（NR），电信5G（NR），广电5G（NR）,移动TD-LTE，联通TD-LTE，联通FDD-LTE，电信TD-LTE，电信FDD-LTE,联通3G（WCDMA），联通2G/移动2G（GSM）,,双卡（Nano SIM卡）,支持WiFi 7（802.11 be），WiFi 6（802.11 ax）和802.11 a/b/g/n/ac，支持2x2 MIMO，MLO，4096 QAM，160MHz，MU-MIMO，2.4G&5G双路并发，支持2.4GHz和5GHz WLAN，支持WLAN热点、WLAN直连,北斗(B1I+B1C+B2a+B2b四频)、GPS(L1+L5双频)、GLONASS(G1)、Galileo(E1+E5a+E5b三频)、QZSS(L1+L5双频)、NavIC(L5)、A-GNSS，支持蜂窝网络定位、WLAN网络定位,蓝牙6.0，支持低功耗蓝牙(BLE)、LE Audio、Auracast ，支持SBC、AAC、LDAC、aptX、aptX HD、aptX Adaptive、aptX Lossless、LC3、LHDC5.0，支持ASHA、LE Audio助听器协议,支持NFC,,"OTG,WLAN热点",USB Type-C接口,支持无线投屏,"不可拆卸式电池,锂离子聚合物电池（荣耀青海湖电池）",8000mAh大电池,80w,支持,,支持IP68和IP69防尘防水,加速度传感器，接近光传感器：非实体器件，使用超声代替，指纹传感器：支持（屏内指纹），支持指纹解锁，指南针，陀螺仪，重力传感器，环境光传感器，NFC，色温传感器，Flicker传感器,mp3、mp4、3gp、ogg、amr、aac、flac、wav、midi,3gp、mp4,,"AI换脸检测、隐私时刻、手机盾、密码保险箱、模糊位置、隐私空间、隐私助手、反诈防护、应用锁、支付保护中心、平行空间,MagicOS功能：YOYO智能体、AI换脸识别、AI翻译、魔方个性化、魔法形象、互动主题、AI文档、AI笔记、灵动胶囊、魔法锁屏、荣耀任意门、全屏熄屏显示、桌面大文件夹自定义、YOYO记忆、平行空间、个人事务中心、YOYO助理、个性化锁屏、反诈防火墙、气息唤醒、YOYO建议、Magic 文本、OS Turbo X、GPU Turbo X、智慧互联、智慧运存、语音控制呼叫、多屏协同、电脑模式、智慧视觉、智慧识屏、全屏翻译、语音翻译、AI字幕、智慧多窗、深色模式、电子书模式、状态互动AOD、纯净文件管理、荣耀分享、快捷启动及手势、应用分身、换机克隆、名片扫描、备份与恢复、服务维修模式",手机（含内置电池） x1 快速指南（含新机权益卡和电子三包凭证） x1 HONOR SuperCharge充电器 x1 USB Type-C 数据线 x 1 取卡针 x1 超薄透明软壳 x1 屏幕高透保护膜 （出厂已粘贴）x1,全国联保，享受三包服务,1年,,,24小时在线服务,自购机日起（以购机发票为准），如因质量问题或故障，凭厂商维修中心或特约维修点的质量检测证明，享受15日内退货或更换一部享有重新计算1年保修期的设备，15日以上在质保期内根据具体情况更换相关部件或提供一台部分重新装配的设备，仅保留消费者现有设备后盖。更换的部件和,8000.0,巨无霸电池 (>8000mAh),中端 (2000-4000),80.0,6.55,大屏 (6.5-6.8英寸),201,较重 (200-220g)
小米17 Pro Max（12GB/512GB）,小米,数字,¥5999,¥5999,第五代骁龙8至尊版，妙享背屏，徕卡光影大师,2142375,2025年09月25日,2025年09月25日,Xiaomi 17 Pro Max,三防手机: ，智能手机: ，4G手机: ，快充手机: ，5G手机: ，3G手机: ，新品手机,,黑色，白色，冷烟紫，森野绿,屏幕指纹识别（超声波3D广域指纹）,支持,162.9mm,77.6mm,8mm,219g,骁龙 8 Elite Gen5,最高主频可达：4.6GHz,八核,高通 Adreno,12GB,LPDDR5X,512GB,UFS 4.1,Xiaomi HyperOS 3,,立体声双扬声器,X轴线性马达,"立体环形冷泵散热系统,5533mm超大散热面积",主：6.9英寸副：2.9英寸,全面屏（中置挖孔屏），直面屏,主：2608x1200px副：976x596px,主：AMOLED（LTPO）副：AMOLED,120Hz,,,300Hz,"主：支持P3广色域,12bit副：支持P3广色域",HDR 10+,3500nits多场景峰值亮度 1nits最低亮度,小米龙晶玻璃3.0,四摄像头（后三）,后置摄像头1：徕卡超高动态主摄后置摄像头2：徕卡浮动潜望长焦后置摄像头3：徕卡超广角前置摄像头1：高清相机,后置摄像头1：5000万像素后置摄像头2：5000万像素后置摄像头3：5000万像素前置摄像头1：5000万像素,后置摄像头1：f/1.67后置摄像头2：f/3.0后置摄像头3：f/2.4 前置摄像头1：f/2.2,后置摄像头1：光影猎人950L后置摄像头2：GN8,"后置摄像头1：1/1.28""后置摄像头2：1/2""",后置摄像头1：QPD后置摄像头3：AF前置摄像头1：AF,后置摄像头1：OIS光学防抖后置摄像头2：OIS光学防抖,背屏自拍，背屏预览，背屏大头贴，动态照片，自动超级月亮，照片水印，徕卡原生双画质，杜比视界，运动抓拍，专业预设，超级夜景，万物追焦，音源追焦，人像虚化，大师镜头包，智能美颜，视频美颜，街拍，专业模式，延时摄影，文档模式，慢动作，长曝光，身份证影印，全景，倒计时拍照，声控拍照，触屏拍照，定时连拍，参考线，水平仪,8K视频拍摄：30fps 4K视频拍摄：30/60/120fps 1080P视频拍摄：30/60fps 720P视频拍摄：30fps 慢动作视频拍摄：720P 120fps/240fps/480fps/960fps/1920fps 慢动作视频拍摄：1080P 120fps/240fps/960fps,动态照片，智能美颜，人像虚化，照片水印，视频美颜，延时摄影，慢动作，视频提词器，倒计时拍照，手势拍照，声控拍照，触屏拍照，参考线,4K视频拍摄：30/60fps 1080P视频拍摄：30/60fps 720P视频拍摄：30fps,徕卡,LED闪光灯,5倍光学变焦,5G: ，4G: ，3G,移动5G（NR），联通5G（NR），电信5G（NR），广电5G（NR）,,,"5G：n1 / n2 / n3 / n5 / n7 / n8 / n12 / n13 / n18 / n20 / n25 / n26 / n28 / n38 / n40 / n41 / n48 / n66 / n70 / n71 / n77 / n78 / n79 / n80 / n81 / n83 / n84 / n89 ,4G：FDD-LTE：B1 / B2 / B3 / B4 / B5 / B7 / B8 / B12 / B13 / B17 / B18 / B19 / B20 / B25 / B26 / B28 / B66 / B71,TDD-LTE：B34 / B38 / B39 / B40 / B41 / B42 / B48,3G：WCDMA：B1 / B2 / B4 / B5 / B6 / B8 / B19,2G：GSM：B2 / B3 / B5 / B8,支持 4×4 MIMO天线技术 / HPUE / HO RxD",双卡（Nano SIM卡）,支持WLAN协议：Wi-Fi 7，Wi-Fi 6增强版，Wi-Fi 5，Wi-Fi 4以及802.11a/b/g，WLAN 频率：2.4G Wi-Fi，5G Wi-Fi，支持MLO，支持2x2 MIMO，8x8 Sounding for MU-MIMO，Wi-Fi Direct，Miracast，2.4G、5G双路并发,北斗（B1I+B1C+B2a），GPS（L1+L5），Galileo（E1+E5a），GLONASS（G1），QZSS（L1+L5），NavIC（L5），AGNSS ，数据网络定位，Wi-Fi 网络定位，Sensor 辅助定位,蓝牙5.4，支持 SBC/AAC/AptX/AptX HD/AptX Adaptive/LDAC/LHDC 5.0/LC3/MIHC,支持NFC（多功能）,支持,,USB Type-C接口,,内置高能量密度电池,7500mAh大电池,100w,50w,支持，22.5w,IP68防尘防水,距离感应器，屏下环境光（色温）传感器，后置环境光（色温）传感器，加速度传感器，陀螺仪，电子罗盘，X轴线性马达，红外线遥控器，flicker传感器，激光对焦传感器，气压计，霍尔传感器,MP3，FLAC，APE，AAC，OGG，WAV，AMR，AWB,MP4，MKV，WEBM，3GP，TS播放,Hi-Res & Hi-Res Audio Wireless 认证，杜比全景声，空间音频，音频分享，实时耳返，微信/QQ通话录音，高清录音2.0,,手机主机 x1 电源适配器 x1 USB Type-C 数据线 x1 手机保护壳 x1 屏幕保护膜（出厂贴在手机上） x1 说明书（含三包凭证） x1 取卡针 x1,,,,,,,7500.0,超大电池 (6000-8000mAh),高端 (4000-6000),100.0,6.9,超大屏 (>6.8英寸),219,较重 (200-220g)
Apple iPhone Air 256GB,苹果,iPhone Air,¥7999,¥5999,1800万像素Center Stage前摄，A19 Pro芯片,2139686,,2025年9月19日,iPhone Air,拍照手机: ，平板手机: ，新品手机: ，热门手机: ，自拍手机: ，5G手机: ，4G手机: ，3G手机: ，智能手机,钛金属设计 超瓷晶面板 2 (正面) 超瓷晶面板 (背面),深空黑色，云白色，浅金色，天蓝色,,支持,156.2mm,74.7mm,5.64mm,165g,苹果 A19 Pro,,六核,五核图形处理器,,,1TB,Nvme,iOS 26,,,,,6.5英寸,全面屏（药丸挖孔屏）直面屏,2736x1260px,OLED,120Hz,460ppi,,,"原彩显示,广色域 (P3)",支持,1000nits最大亮度 (典型)；1600nits峰值亮度 (HDR)；3000nits峰值亮度 (户外)；最小亮度为1nits,,二摄像头（前一后一）,后置摄像头1：融合式主摄前置摄像头1：Center Stage摄像头,后置摄像头1：4800万像素前置摄像头1：1800万像素,后置摄像头1：f/1.6前置摄像头1：f/1.9,,,Focus Pixels 自动对焦,传感器位移式光学图像防抖功能,"超高分辨率照片 (2400 万像素和 4800 万像素),光像引擎；深度融合技术；智能 HDR 5；新一代人像功能，支持焦点控制和景深控制；人像光效，支持六种效果；夜间模式；全景模式 (最高可达 6300 万像素)；新一代摄影风格；拍摄广色域的照片和实况照片；先进的红眼校正功能；自动图像防抖功能；连拍模式；照片地理标记功能；图像拍摄格式：HEIF 和 JPEG",4K 杜比视界视频拍摄，24 fps、25 fps、30 fps 或 60 fps；1080p 杜比视界视频拍摄，25 fps、30 fps 或 60 fps；720p 杜比视界视频拍摄，30 fps；运动模式，最高可达 2.8K 杜比视界，60 fps；慢动作视频支持 1080p (120 fps 或 240 fps)；同步双拍 (最高可达 4K 杜比视界，30 fps)；延时摄影视频，支持防抖功能；夜间模式延时摄影；视频快录功能 (最高可达 4K 杜比视界，60 fps)；传感器位移式视频光学图像防抖功能；最高可达 6 倍数码变焦；音频变焦；原彩闪光灯；影院级视频防抖功能 (4K、1080p 和 720p)；连续自动对焦视频；4K 视频录制过程中拍摄 800 万像素静态照片；变焦播放；视频录制格式：HEVC 和 H.264；空间音频和立体声录音；风噪降低；混音,轻点变焦和旋转；拍照人物居中；视频超稳防抖；同步双拍；视频通话人物居中；光像引擎；深度融合技术；智能 HDR 5；新一代人像功能，支持焦点控制和景深控制；人像光效，支持六种效果；动话表情和拟我表情；夜间模式；新一代摄影风格；拍摄广色域的照片和实况照片；镜头畸变校正；自动图像防抖功能；连拍模式,4K 杜比视界视频拍摄，24 fps、25 fps、30 fps 或 60 fps；1080p 杜比视界视频拍摄，25 fps、30 fps 或 60 fps；慢动作视频支持 1080p (120 fps)；延时摄影视频，支持防抖功能；夜间模式延时摄影；视频快录功能 (最高可达 4K 杜比视界，60 fps)；影院级视频防抖功能 (4K、1080p 和 720p)；空间音频和立体声录音；风噪降低；混音,,后置：原彩闪光灯,"后置：2 倍光学变焦 (放大)，2 倍光学变焦 (缩小)；4 倍光学变焦范围,最高可达10倍数码变焦",5G: ，4G,移动5G（NR TDD），联通5G（NR TDD），电信5G（NR TDD）,全网通：移动TD-LTE，联通TD-LTE，联通FDD-LTE，电信TD-LTE，电信FDD-LTE,移动3G（TD-SCDMA），联通3G（WCDMA），电信3G（CDMA2000）,FDD5G NR (频段 n1、n2、n3、n5、n7、n8、n12、n20、n25、n26、n28、n30、n66、n70、n75) TDD5G NR (频段 n38、n40、n41、n48、n77、n78、n79) FDDLTE (频段 1、2、3、4、5、7、8、12、13、17、18、19、20、25、26、28、30、32、66) TDDLTE (频段 34、38、39、40、41、42、48) UMTS/HSPA+ (850、900、1700/2100、1900、2100 MHz) GSM/EDGE (850、900、1800、1900 MHz),双卡（Nano SIM卡）,Apple N1无线网络芯片：802.11be无线局域网，具备 2x2 MIMO 技术,精准的双频 GPS (GPS、GLONASS、Galileo、QZSS、北斗及 NavIC)，数字指南针，无线局域网，蜂窝网络，iBeacon 微定位,蓝牙6.0,支持NFC,,,USB Type-C接口,"5G (sub-6 GHz)，具备 4x4 MIMO 技术,千兆 LTE，具备 4x4 MIMO 技术,Thread 网络技术",不可拆卸式电池,,20w,MagSafe无线充电 (功率最高可达15w)，Qi2无线充电 (功率最高可达15w),,IP68等级,面容ID，气压计，高动态范围陀螺仪，高g值加速感应器，距离感应器，双环境光传感器,"支持的格式包括AAC、APAC、MP3、Apple 保真压缩、FLAC、杜比数字、杜比数字+、杜比全景声,空间音频播放,用户可调节音量上限",支持的格式包括 HEVC、H.264 和 AV1 HDR 支持包括杜比视界、HDR10+/HDR10 和 HLG 通过隔空播放进行镜像，或将照片和视频输出至支持此功能的智能电视，最高可达 4K HDR,,"操作按钮功能：静音模式、专注模式、相机、视觉智能10、手电筒、语音备忘录、识别音乐、翻译、放大器、控制项、快捷指令或辅助功能,相机控制：曝光、景深、变焦、相机、风格、色调",iPhone 17 Air x1 USBC 充电线 (1 米) x1 资料 x1,全国联保，享受三包服务,1年,iPhone及所含配件享有1年的保修期,400-666-8800,周一至周五：9：00-20：00：周六至周日：9：00-18：00,自购机日起（以购机发票为准），如因质量问题或故障，凭厂商维修中心或特约维修点的质量检测证明，享受15日内退货或更换一部享有重新计算1年保修期的设备，15日以上在质保期内根据具体情况更换相关部件或提供一台部分重新装配的设备，仅保留消费者现有设备后盖。更换的部件和,,未知,高端 (4000-6000),20.0,6.5,大屏 (6.5-6.8英寸),165,轻量 (<180g)
华为Pura X Max(12GB/512GB),华为,Pura,¥11999,¥11999,双面阔型屏，AI灵感妙创,2163925,2026年04月20日,2026年04月20日,HUAWEI Pura X Max,拍照手机: ，智能手机: ，快充手机: ，折叠屏手机: ，新品手机: ，热门手机: ，自拍手机,铝合金边框，铝硅玻璃后壳,幻夜黑，星际蓝，零度白，橄榄金，活力橙,侧面指纹识别,支持,产品尺寸：120mm折叠尺寸：120mm,产品尺寸：166.5mm折叠尺寸：85mm,产品尺寸：5.2mm折叠尺寸：11.2mm,229g,海思 麒麟9030 Pro,,,,12GB,,512GB,,HarmonyOS 6.1,,立体声扬声器,,超大VC石墨烯散热系统,主：7.7英寸副：5.4英寸,主：全面屏（右上挖孔屏），折叠屏副：全面屏（中置挖孔屏），直面屏,主：2584x1828px副：1848x1264px,主：柔性OLED屏副：OLED,120Hz,412ppi,,240Hz,主：10.7亿色，P3广色域副：10.7 亿色，P3 广色域,,,内屏：可折叠柔性屏，外屏：第二代昆仑玻璃,六摄像头（前双+后四）,后置摄像头1：超光变摄像头后置摄像头2：超广角摄像头后置摄像头3：超大光圈潜望式长焦摄像头后置摄像头4：第二代红枫原色摄像头前置摄像头1：内屏前置摄像头前置摄像头2：外屏前置摄像头,后置摄像头1：5000万像素后置摄像头2：1250万像素后置摄像头3：5000万像素前置摄像头1：800万像素前置摄像头2：800万像素,后置摄像头1：f/1.4~f/4.0后置摄像头2：f/2.2后置摄像头3：f/2.2前置摄像头1：f/2.2前置摄像头2：f/2.4,,,后置摄像头1：AF后置摄像头2：AF后置摄像头3：AF,"后置摄像头1：OIS光学防抖,AIS电子防抖后置摄像头2：AIS电子防抖后置摄像头3：OIS光学防抖,AIS电子防抖前置摄像头1：AIS电子防抖前置摄像头2：AIS电子防抖","最大可支持 8192 × 6144 像素,AI 姿势推荐、XMAGE 智拍、XMAGE 风格、AI 辅助构图、电影效果、舞台模式、长焦增距模式、超清全景、AI 超清增强、超级夜景、寰宇追月、绚丽星空、星空人像、AI 动态照片、视频 HDR Vivid、视频 Log、拍照 RAW 格式、闪拍、运动防抖、高画质模式、超级微距、微距视频、微距画中画、长焦画中画、高像素模式、延时摄影、超大广角、大光圈虚化、人像模式、专业模式、慢动作、流光快门、水印、AI 摄影大师、笑脸抓拍、声控拍照、定时拍照、连拍、后置自拍、双屏同显",最大支持4K（3840 × 2160）视频录制,"最大可支持 3840 × 2160 像素,AI 姿势推荐、XMAGE风格、AI 动态照片、视频 HDR Vivid、人像模式、延时摄影、笑脸抓拍、自拍镜像、声控拍照、定时拍照",最大支持4K（3840 × 2160）视频录制,,后置：LED 闪光灯,后置摄像头：支持3.5倍光学变焦（3.5倍变焦为近似值，镜头焦段分别为24mm，13mm，81mm）、支持7倍光学品质变焦、100倍数字变焦,4G,,全网通：移动TD-LTE，联通TD-LTE，联通FDD-LTE，电信TD-LTE，电信FDD-LTE,联通3G（WCDMA），电信3G（CDMA 2000），移动2G（GSM），联通2G（GSM），电信2G（CDMA 1X）,,双卡（Nano SIM卡）,IEEE 802.11 a/b/g/n/ac/ax/be，2x2 MIMO，EHT160，8 Spatial-stream Sounding MU-MIMO，2.4GHz和5GHz，WLAN直连，WLAN热点,支持 GPS（L1 + L5 双频）/AGPS/GLONASS/北斗（B1I + B1C + B2a + B2b 四频）/GALILEO（E1 + E5a + E5b 三频）/QZSS（L1 + L5 双频）/NavIC,蓝牙6.0，支持低功耗蓝牙，支持SBC、AAC，支持LDAC和L2HC高清音频,支持NFC,支持,"OTG,无线投屏",USB Type-C接口,"星闪E2.0,支持天际通",不可拆卸式电池,5300mAh大电池,66w,50w,支持,支持防尘抗水（IP58，IP59）,环境光传感器，红外传感器，指纹传感器（侧边指纹），霍尔传感器，陀螺仪，指南针，气压计，接近光传感器，重力传感器，姿态感应器，Camera激光对焦传感器，色温传感器,mp3、mp4、ogg、amr、wav、flac、aac,mp4,Huawei Histen 音效,,手机（含内置电池） x1 华为SuperCharge充电器 x1 USB Type-C 数据线 x1 透明保护壳 x1 快速指南 x1 取卡针 x1 外屏保护膜（出厂贴在手机上） x1 温馨提示卡片 x1,全国联保，享受三包服务,1年,主机1年，电池1年，充电器1年,华为消费者服务热线：950800 华为消费者VIP热线：950801 华为商城热线：950805,周一至周日：8:00-20:00,自购机日起（以购机发票为准），如因质量问题或故障，凭厂商维修中心或特约维修点的质量检测证明，享受7日内退货，15日内换货，15日以上在质保期内享受免费保修等三包服务！注：单独购买手机配件产品的用户，请完好保存配件外包装以及发票原件，如无法提供上述凭证的，将无法进行正常的配件保修或更换。进入官网:,5300.0,大电池 (5000-6000mAh),超旗舰 (>8000),66.0,7.7,超大屏 (>6.8英寸),229,重量级 (>220g)
OPPO Find X9(12GB/256GB),OPPO,Find X,¥4599,¥4399,4K超清实况照片，7025mAh，天玑9500,2144018,2025年10月16日,2025年10月16日,OPPO Find X9,拍照手机: ，智能手机: ，4G手机: ，快充手机: ，5G手机: ，3G手机: ，新品手机: ，热门手机: ，自拍手机,,追光红，绒光钛，霜白，雾黑,屏幕指纹识别,支持,156.98mm,73.93mm,7.99mm,203g,联发科 天玑 9500,最高主频4.21GHz,八核,Arm@Mali Drage MC12,12GB,LPDDR5X,256GB,UFS 4.1,ColorOS 16.0,Android 16,立体声双扬声器,,,6.59英寸,全面屏（中置挖孔屏），直面屏,2760x1256px,AMOLED,120Hz,460ppi,95.4%,最高支持240Hz触控采样率,10.7 亿色（10-bit）,,全局默认最高亮度：800尼特典型值 全局激发最高亮度：1800尼特典型值,,五摄像头（后四）,后置摄像头1：广角摄像头后置摄像头2：超广角摄像头后置摄像头3：长焦摄像头后置摄像头4：丹霞色彩还原镜头前置摄像头1：主摄,后置摄像头1：5000万像素后置摄像头2：5000万像素后置摄像头3：5000万像素前置摄像头1：3200万像素,后置摄像头1：f/1.6后置摄像头2：f/2.0后置摄像头3：f/2.6后置摄像头4：f/2.4前置摄像头1：f/2.4,,,后置摄像头1：AF后置摄像头2：AF后置摄像头3：AF,四轴OIS防抖,照片，视频，人像，夜景，全景，专业视频，慢动作，长曝光，多景录像，延时摄影，萌拍，XPAN，哈苏超清，水下相机，大师，AI 证件照，超级文本，扫一扫,4K 基础拍摄：120 fps，60 fps，30 fps 1080P 基础拍摄：120 fps，60 fps，30 fps 720P 基础拍摄：30 fps 4K 慢动作视频拍摄：120 fps 1080P 慢动作视频拍摄：240 fps，120 fps 720P 慢动作视频拍摄：480 fps，240 fps 4K 延时摄影拍摄：30 fps 1080P 延时摄影拍摄：30 fps 支持专业视频拍摄 支持视频防抖拍摄 支持多景录像视频拍摄 支持 HDR 视频拍摄 支持视频变焦拍摄：支持最高 3 倍光学变焦，最高 18 倍数码变焦,照片，视频，人像，夜景，全景，专业视频，多景录像，延时摄影，萌拍，AI 证件照,4K 基础拍摄：60 fps，30 fps 1080P 基础拍摄：60 fps，30 fps 720P 基础拍摄：30 fps 4K 延时摄影拍摄：30 fps 1080P 延时摄影拍摄：30 fps 支持专业视频拍摄 支持视频防抖拍摄 支持多景录像视频拍摄 支持 HDR 视频拍摄 支持视频变焦拍摄,,,后置摄像头：照片拍摄最高支持 3 倍光学变焦，最高支持 120 倍数码变焦,5G: ，4G,移动5G（NR），联通5G（NR），电信5G（NR），广电5G（NR）,,,2G GSM：850/900/1800MHz 2G CDMA：不支持 3G WCDMA：频段 1/2/4/5/6/8/19 4G LTE FDD：频段 1/2/3/4/5/7/8/18/19/25/26/28/66 4G LTE TDD：频段 34/38/39/40/41/42/43/48 5G NR：n1/n2/n3/n5/n7/n8/n18/n25/n26/n28/n34/n38/n39/n40/n41/n48/n66/n77/n78,双卡（Nano-SIM卡，Nano-USIM卡）,支持 Wi-Fi 7（802.11be），支持 Wi-Fi 6（802.11ax），支持 Wi-Fi 5（802.11ac），支持 802.11a/b/g/n，支持 Wi-Fi Display，支持 WLAN 网络分享，支持网络叠加：Wi-Fi 2.4GHz 2×2+Wi-Fi 5GHz 2×2 并发，支持 Wi-Fi 5GHz 160MHz，支持 2×2 MIMO,北斗（B1I+B1C+B2a+B2b），GPS（L1+L5），GLONASS（G1），Galileo（E1+E5a+E5b），QZSS（L1+L5），NavIC（L5），支持A-GNSS 辅助定位，无线局域网定位，蜂窝网络定位,支持SBC，AAC，aptx，aptx-HD，LDAC，LHDC5.0,支持NFC,支持,,USB Type-C接口,,不可拆卸式电池,7025mAh大电池,80w,50w,,,接近感应器，环境光传感器，色温传感器，电子罗盘，加速度传感器，陀螺仪，屏下超声指纹，霍尔传感器，激光对焦传感器，光谱传感器，红外遥控,,,,,主机 x1 充电器 x1 数据线 x1 取卡针 x1 保护壳 x1 快速入门指南 x1,,,,,,,7025.0,超大电池 (6000-8000mAh),高端 (4000-6000),80.0,6.59,大屏 (6.5-6.8英寸),203,较重 (200-220g)
OPPO Reno16(12GB/256GB),OPPO,Reno,¥2799,¥3499,2亿像素，超清四摄,2166008,2026年5月25日,2026年5月29日,OPPO Reno16,三防手机: ，拍照手机: ，智能手机: ，4G手机: ，女性手机: ，快充手机: ，5G手机: ，3G手机: ，新品手机,,怦然星动，月夜黑，星河紫,屏幕指纹识别,支持,151.21mm,72.42mm,8.36mm,191g,联发科 天玑 8550 SUPER,,八核,Mali-G720 MC8,12GB,LPDDR5X/LPDDR5,256GB,UFS 3.1,ColorOS 16.0,Android 16,立体声双扬声器,,,6.32英寸,全面屏（中置挖孔屏），直面屏,2640x1216px,柔性AMOLED,120Hz,460ppi,93.4%,最高240Hz，默认120Hz,"自然模式：100% DCI-P3 专业模式：100% DCI-P3 鲜明模式：100% DCI-P3,10.7 亿色（10-bit）",,全局默认最高亮度：600nits典型值 全局激发最高亮度：1800nits典型值,,四摄像头（后三）,后置摄像头1：广角摄像头后置摄像头2：超广角摄像头后置摄像头3：长焦摄像头前置摄像头1：主摄,后置摄像头1：2亿像素后置摄像头2：5000万像素后置摄像头3：5000万像素前置摄像头1：5000万像素,后置摄像头1：f/1.8后置摄像头2：f/2.0后置摄像头3：f/2.8前置摄像头1：f/2.0,,,后置摄像头1：AF后置摄像头2：AF后置摄像头3：AF前置摄像头1：AF,后置摄像头1：两轴OIS防抖后置摄像头3：两轴OIS防抖,照片，视频，人像，夜景，全景，慢动作，延时摄影，萌拍，高像素，水下相机，AI 证件照，超级文本，扫一扫，专业视频，POP,4K 基础拍摄：60 fps，30 fps 1080P 基础拍摄：60 fps，30 fps 720P 基础拍摄：30 fps 4K 视频防抖拍摄：60 fps，30 fps 1080P 视频防抖拍摄：60 fps，30 fps 1080P 慢动作视频拍摄：240 fps，120 fps 720P 慢动作视频拍摄：240 fps 4K 延时摄影拍摄：30 fps 1080P 延时摄影拍摄：30 fps 4K 水下相机拍摄：30 fps 支持专业视频拍摄 支持双景同拍视频拍摄 支持 HDR 视频拍摄 支持视频变焦拍摄：最高支持 3.5 倍光学变焦，最高支持 18 倍数码变焦,照片，视频，人像，夜景，全景，延时摄影，萌拍，AI 证件照，美颜自拍，屏幕补光，高像素，POP,4K 基础拍摄：60 fps，30 fps 1080P 基础拍摄：60 fps，30 fps 720P 基础拍摄：30 fps 1080P 视频防抖拍摄：30 fps 720P 视频防抖拍摄：30 fps 4K 延时摄影拍摄：30 fps 1080P 延时摄影拍摄：30 fps 支持双景同拍视频拍摄 支持 HDR 视频拍摄 支持视频变焦拍摄,,LED闪光灯,,5G: ，4G,移动5G（NR），联通5G（NR），电信5G（NR），广电5G（NR）,,,2G GSM：850/900/1800Mhz 3G WCDMA：频段 1/4/5/8/19 4G LTE FDD：频段 1/3/4/5/8/18/19/26/28A/66 4G LTE TDD：频段 34/38/39/40/41/42/43/48 5G NR：n1/n3/n5/n8/n18/n26/n28/n34/n38/n39/n40/n41/n48/n66/n77/n78,双卡（Nano-SIM卡，Nano-USIM卡）,支持WiFi6（802.11ax），支持WiFi5（802.11ac），支持802.11a/b/g/n，支持WiFiDisplay，支持WLAN 网络分享，支持WiFi 5GHz 160MHz，支持2×2 MIMO,北斗（B1I+B1C+B2a），GPS（L1+L5），GLONASS（G1），Galileo（E1+E5a），QZSS（L1+L5），NavIC（L5），支持：A-GNSS 辅助定位，无线局域网定位，蜂窝网络定位,蓝牙5.4，支持SBC，AAC，aptx，aptx-HD，LDAC，LHDC5.0,支持NFC,支持,,USB Type-C接口,,不可拆卸式电池,6700mAh大电池,80w,,,IP69K满级防水,接近感应器，环境光传感器，色温传感器，电子罗盘，加速度传感器，陀螺仪，屏下光学指纹传感器，红外遥控,,,,,主机 x1 数据线 x1 充电器 x1 SIM 卡通针 x1 保护套 x1 快速入门指南 x1,,,,,,,6700.0,超大电池 (6000-8000mAh),中端 (2000-4000),80.0,6.32,中屏 (6-6.5英寸),191,适中 (180-200g)
小米17T（12GB/256GB）,小米,T,¥3799,¥2999,超级阳光屏，徕卡5X浮动潜望长焦,2168622,2026年6月8日,2026年6月8日,xiaomi 17T,三防手机: ，拍照手机: ，智能手机: ，音乐手机: ，4G手机: ，快充手机: ，5G手机: ，3G手机: ，新品手机,,黑色，冰莓紫，幻彩白,屏幕指纹识别,支持,157.63mm,75.19mm,8.17mm,203g,联发科 天玑8500-Ultra,最高主频 3.4GHz,八核,Mali-G720,12GB,LPDDR5X,256GB,UFS 4.1,Xiaomi HyperOS 3,Android 15,立体声双扬声器,X轴线性马达,立体环形冷泵散热系统,6.59英寸,全面屏（中置挖孔屏），直面屏,2756x1268px,OLED,120Hz,,,最高480Hz,100% DCI-P3,HDR 10+,3500nits多场景峰值亮度,,四摄像头（后三）,后置摄像头1：徕卡高动态主摄后置摄像头2：徕卡潜望长焦后置摄像头3：徕卡超广角前置摄像头1：超清前置,后置摄像头1：5000万像素后置摄像头2：5000万像素后置摄像头3：5000万像素前置摄像头1：3200万像素,后置摄像头1：f/1.7后置摄像头2：f/3.0后置摄像头3：f/2.2前置摄像头1：f/2.2,光影猎人 800,"1/1.55""超大底",QPD 相位对焦,后置摄像头1：OIS光学防抖后置摄像头2：OIS光学防抖,场景推荐，动态照片，照片水印，HDR10+，运动抓拍，专业预设，夜景，万物追焦，人像虚化，视频美颜，专业模式，延时摄影，文档模式，慢动作，长曝光，身份证影印，全景，倒计时拍照，声控拍照，触屏拍照，定时连拍，参考线，水平仪,"4K 视频拍摄：30/60fps 1080P 视频拍摄：30/60fps 720P 视频拍摄：30fps,慢动作后置 720P 视频拍摄：120/240/960fps 1080P 视频拍摄：120/240/960fps",动态照片，人像虚化，照片水印，视频美颜，延时摄影，慢动作，视频提词器，倒计时拍照，手势拍照，声控拍照，触屏拍照，参考线,4K 视频拍摄：30fps 1080P 视频拍摄：30/60fps 720P 视频拍摄：30fps,徕卡,LED闪光灯,,5G: ，4G: ，3G,移动5G（NR），联通5G（NR），电信5G（NR），广电5G（NR）,,联通3G（WCDMA），联通2G/移动2G（GSM）,"5G: n1 / n3 / n5 / n8 / n28a / n34 / n38 / n39 / n40 / n41 / n48 / n77 / n78,4G: FDD-LTE: B1 / B3 / B4 / B5 / B8 / B19 / B28A / B66 TDD-LTE: B34 / B38 / B39 / B40 / B41 / B42 / B48,3G: WCDMA: B1 / B4 / B5 / B6 / B8 / B19,2G: GSM: B3 / B5 / B8",双卡（Nano SIM卡）,WLAN 协议：Wi-Fi 6，Wi-Fi 5，Wi-Fi 4 以及 802.11a / b / g WLAN 频率：2.4G Wi-Fi｜5G Wi-Fi 支持 2x2 MIMO，Wi-Fi Direct，Miracast,北斗: B1I+B1C+B2a，GPS: L1+L5，Galileo: E1+E5a，GLONASS: G1，QZSS: L1+L5，NavIC: L5，AGNSS，数据网络定位，Wi-Fi 网络定位，Sensor辅助定位,蓝牙5.4，支持SBC/AAC/LDAC/LHDC 5.0/ASHA/LC3/Auracast/MIHC/HID,支持NFC（多功能）,支持,,USB Type-C接口,,小米金沙江电池,7000mAh大电池,67W 小米澎湃有线秒充,,,IP68防尘防水,距离感应器，屏下环境光（色温）传感器，后置环境光（色温）传感器，加速度传感器，陀螺仪， 电子罗盘，X轴线性马达，红外线遥控器，flicker传感器,"MP3, FLAC, APE, AAC, OGG, WAV, AMR, AWB","MP4, MKV, WEBM, 3GP, TS播放",Hi-Res & Hi-Res Audio Wireless 认证，立体声双扬声器，杜比全景声，空间音频，音频分享， 微信/QQ通话录音，高清录音2.0,,手机 x1 电源适配器 x1 USB Type-C数据线 x1 手机保护壳 x1 屏幕保护膜（出厂贴在手机上） x1 卡针 x1 说明书（含三包凭证） x1,,,,,,,7000.0,超大电池 (6000-8000mAh),中端 (2000-4000),67.0,6.59,大屏 (6.5-6.8英寸),203,较重 (200-220g)
HUAWEI Mate 70 Pro(12GB/512GB),华为,Mate,¥5499,¥4998,鸿蒙AI，红枫原色影像,2114265,2024年11月26日,2024年12月4日,Mate 70 Pro,商务手机: ，三防手机: ，拍照手机: ，3G手机: ，智能手机: ，4G手机: ，5G手机: ，新品手机,金属中框，玻璃后壳,"云杉绿,曜石黑,雪域白,风信紫",侧面指纹识别,支持,164.6mm,79.5mm,8.2mm,221g,,,,,12GB,,512GB,,,HarmonyOS 4.3,,,,6.9英寸,全面屏 (中置挖孔屏)，全等深微曲屏,2832x1316px,OLED（LTPO）,120Hz（1-120）,,,300Hz,,,2500nits峰值亮度,第二代昆仑玻璃,六摄像头（前双+后四）,后置摄像头1：超聚光摄像头后置摄像头2：超广角摄像头后置摄像头3：超聚光微距长焦摄像头后置摄像头4：多光谱通道红枫原色摄像头前置摄像头1：超广角摄像头前置摄像头2：3D深感镜头,后置摄像头1：5000万像素后置摄像头2：4000万像素后置摄像头3：4800万像素后置摄像头4：150万像素前置摄像头1：1300万像素,后置摄像头1：f/1.4-f/4.0后置摄像头2：f/2.2后置摄像头3：f/2.1前置摄像头1：f2.4,,,后置摄像头1：AF后置摄像头2：AF后置摄像头3：AF,后置摄像头1：OIS光学防抖后置摄像头3：OIS光学防抖,,,,,,LED闪光灯,支持4倍光学变焦（4倍变焦为近似值，镜头焦段分别为24.5mm，13mm，92.5mm）、100倍数字变焦,5G: ，4G,移动5G（NR），联通5G（NR），电信5G（NR），广电5G（NR）,,,,双卡,单频/双频WIFI，WiFi6（IEEE 802.11 a/b/g/n/ac/ax）,GPS（L1+L5双频），AGPS，GLONASS，北斗（B1I+B1C+B2a+B2b四频），GALILEO（E1+E5a+E5b三频），QZSS（L1+L5双频），NavIC,蓝牙5.2，支持SBC、AAC，支持LDAC和L2HC高清音频,支持NFC,支持,,USB Type-C接口,"支持星闪,支持北斗卫星消息",不可拆卸式电池,5500mAh大电池,100w（20V/5A）,80w,20w,IP69&IP68等级,3D人脸识别，姿态感应器，重力传感器，红外传感器，侧边指纹，霍尔传感器，气压计，陀螺仪，指南针，环境光传感器，接近光传感器，Camera激光对焦传感器，色温传感器,,,,,手机（内置电池）× 1 华为 SuperCharge 充电器 x1 USB Type-C 数据线 x1 透明保护壳 x1 快速指南 x1 取卡针 x1 保护膜（出厂贴在手机上）× 1 三包凭证 x1,全国联保，享受三包服务,1年,主机1年，充电器1年,华为：400-830-8300；400-690-2116；800-830-8300,,,5500.0,大电池 (5000-6000mAh),高端 (4000-6000),100.0,6.9,超大屏 (>6.8英寸),221,重量级 (>220g)
OPPO Find X9s Pro(12GB/256GB),OPPO,Find X,¥5599,¥5289,2亿大底超清主摄，80W超级闪充,2162941,2026年4月21日,,OPPO Find X9s Pro,三防手机: ，游戏手机: ，拍照手机: ，智能手机: ，4G手机: ，快充手机: ，5G手机: ，新品手机: ，热门手机: ，自拍手机,,元气橙，乘风青，原生钛，自在白,超声波屏幕指纹识别,支持,150.46mm,71.72mm,8.6mm,200g,联发科 天玑 9500,最高主频4.21GHz,八核,Arm@Mali Drage MC12,12GB,LPDDR5X,256GB,UFS 4.1,ColorOS 16,,立体声双扬声器,仿生超振感马达,36344mm2超大总散热面积,6.32英寸,全面屏（中置挖孔屏），直面屏,2640x1216px,柔性AMOLED,144Hz,460ppi,95.4%,最高300Hz，默认120Hz,"标准模式：100% DCI-P3 自然模式：100% DCI-P3 鲜艳模式：100% DCI-P3,10.7亿色（10-bit）",HDR 10+,全局默认最高亮度：800nits 全局激发最高亮度：1800nits,晶盾玻璃,五摄像头（后四）,后置摄像头1：广角摄像头后置摄像头2：超广角摄像头后置摄像头3：长焦摄像头后置摄像头4：第二代丹霞色彩还原镜头前置摄像头1：主摄,后置摄像头1：2亿像素后置摄像头2：5000万像素后置摄像头3：2亿像素前置摄像头1：3200万像素,后置摄像头1：f/1.6后置摄像头2：f/2.0后置摄像头3：f/2.6后置摄像头4：f/2.4前置摄像头1：f/2.4,,,后置摄像头1：AF后置摄像头2：AF后置摄像头3：AF后置摄像头4：AF前置摄像头1：AF,后置摄像头1：两轴OIS防抖后置摄像头3：两轴OIS防抖,照片，视频，人像，夜景，全景，慢动作，长曝光，多景录像，延时摄影，萌拍，XPAN，哈苏超清，哈苏增距，水下相机，大师，AI 证件照，超级文本，扫一扫，专业视频,8K 基础拍摄：30 fps 4K 基础拍摄：120 fps，60 fps，30 fps 1080P 基础拍摄：120 fps，60 fps，30 fps 720P 基础拍摄：30 fps 4K 视频防抖拍摄：60 fps，30 fps 1080P 视频防抖拍摄：60 fps，30 fps 4K 慢动作视频拍摄：120 fps 1080P 慢动作视频拍摄：240 fps，120 fps 720P 慢动作视频拍摄：480 fps，240 fps 4K 延时摄影拍摄：30 fps 1080P 延时摄影拍摄：30 fps 4K 杜比视界拍摄：120 fps，60 fps，30 fps 1080P 杜比视界拍摄：120 fps，60 fps，30 fps 支持专业视频拍摄 支持多景录像视频拍摄 支持 HDR 视频拍摄 支持视频变焦拍摄：最高支持 2.8 倍光学变焦，最高支持 18 倍数码变焦,照片，视频，人像，夜景，全景，多景录像，延时摄影，萌拍，AI 证件照，专业视频,4K 基础拍摄：60 fps，30 fps 1080P 基础拍摄：60 fps，30 fps 720P 基础拍摄：30 fps 1080P 视频防抖拍摄：30 fps 720P 视频防抖拍摄：30 fps 4K 延时摄影拍摄：30 fps 1080P 延时摄影拍摄：30 fps 支持专业视频模式拍摄 支持多景录像视频拍摄 支持 HDR 视频拍摄 支持视频变焦拍摄,哈苏,,支持视频变焦拍摄：最高支持 2.8 倍光学变焦，最高支持 18 倍数码变焦,5G: ，4G: ，3G,移动5G（NR），联通5G（NR），电信5G（NR），广电5G（NR）,,,2G GSM：850/900/1800MHz 3G WCDMA：频段 1/2/4/5/6/8/19 4G LTE FDD：频段 1/2/3/4/5/7/8/18/19/25/26/28/66 4G LTE TDD：频段 34/38/39/40/41/42/43/48 5G NR：n1/n2/n3/n5/n7/n8/n18/n25/n26/n28/n34/n38/n39/n40/n41/n48/n66/n77/n78/n79,双卡（Nano-SIM卡，Nano-USIM卡）,支持 Wi-Fi 7（802.11be） 支持 Wi-Fi 6（802.11ax） 支持 Wi-Fi 5（802.11ac） 支持 802.11a/b/g/n 支持 Wi-Fi Display 支持 WLAN 网络分享 支持网络叠加：Wi-Fi 2.4GHz 2×2+Wi-Fi 5GHz 2×2 并发 支持 Wi-Fi 5GHz 160MHz 支持 2×2 MIMO,北斗（B1I+B1C+B2a+B2b），GPS（L1+L5），GLONASS（G1），Galileo（E1+E5a+E5b），QZSS（L1+L5），NavIC（L5），其他支持：A-GNSS 辅助定位，无线局域网定位，蜂窝网络定位,蓝牙6.0，支持SBC，AAC，LDAC，aptX，aptX HD，LHDC 5.0,支持NFC,支持,,USB Type-C接口,AI 通信芯片 R100,不可拆卸式电池,7025mAh大电池,80w,50w,,支持IP66&IP68&IP69满级防尘防水,接近感应器，环境光传感器，色温传感器，电子罗盘，加速度传感器，陀螺仪，屏下超声指纹，霍尔传感器，激光对焦传感器，光谱传感器，红外遥控 注：霍尔传感器用来作为磁吸外设识别，不能作为皮套识别,,,,,主机 x1 保护壳 x1 快速入门指南 x1 取卡针 x1 充电器 x1 数据线 x1,全国联保，享受三包服务,1年,主机1年，充电器1年,,,自购机日起（以购机发票为准），如因质量问题或故障，凭厂商维修中心或特约维修点的质量检测证明，享受15日内退货或更换一部享有重新计算1年保修期的设备，15日以上在质保期内根据具体情况更换相关部件或提供一台部分重新装配的设备，仅保留消费者现有设备后盖。更换的部件和,7025.0,超大电池 (6000-8000mAh),高端 (4000-6000),80.0,6.32,中屏 (6-6.5英寸),200,较重 (200-220g)
HUAWEI Mate 80 Pro(12GB/512GB),华为,Mate,¥5999,¥6499,麒麟9030系列芯片，第二代红枫影像,2149091,2025年11月25日,2025年11月25日,HUAWEI Mate 80 Pro,商务手机: ，三防手机: ，拍照手机: ，3G手机: ，智能手机: ，4G手机: ，5G手机: ，新品手机,后盖：锦纤 边框：铝合金,曜石黑，雪域白，云杉绿，晨曦金,侧面指纹识别,支持,161.85mm,76mm,7.95mm,219g,海思 麒麟 9030,,,,12GB,,512GB,,,HarmonyOS 6.0,,,,6.75英寸,全面屏 (中置挖孔屏)，全等深微曲屏,2832x1280px,OLED（LTPO）,120Hz（1-120）,460ppi,,300Hz,10.7亿色，P3广色域,,,第二代昆仑玻璃,六摄像头（前双+后四）,后置摄像头1：超聚光摄像头后置摄像头2：超广角摄像头后置摄像头3：超聚光微距长焦摄像头后置摄像头4：多光谱通道红枫原色摄像头前置摄像头1：超广角摄像头前置摄像头2：3D深感镜头,后置摄像头1：5000万像素后置摄像头2：4000万像素后置摄像头3：4800万像素后置摄像头4：150万像素前置摄像头1：1300万像素,后置摄像头1：f/1.4-f/4.0后置摄像头2：f/2.2后置摄像头3：f/2.1前置摄像头1：f2.4,后置摄像头1：RYYB传感器后置摄像头2：RYYB传感器,,后置摄像头1：AF后置摄像头2：AF后置摄像头3：AF前置摄像头1：自动对焦,后置摄像头1：OIS光学防抖后置摄像头3：OIS光学防抖,"XMAGE风格、AI 辅助构图、电影效果、舞台模式、超清全景、AI 超清增强、超级夜景、寰宇追月、绚丽星空、星空人像、AI 动态照片、视频 HDR Vivid、视频 Log、拍照 RAW 格式、闪拍、运动防抖、高画质模式、超级微距、微距视频、微距画中画、长焦画中画、高像素模式、延时摄影、超大广角、大光圈虚化、人像模式、专业模式、慢动作、流光快门、水印、AI 摄影大师、笑脸抓拍、声控拍照、定时拍照、连拍,最大可支持8192 × 6144像素",最大支持4K（3840 × 2160）视频录制，支持AIS防抖；支持1080p@960fps超级慢动作视频,"XMAGE风格、AI 动态照片、视频 HDR Vivid、慢动作、人像模式、延时摄影、笑脸抓拍、自拍镜像、声控拍照、定时拍照,最大可支持4160 × 3120像素",最大支持4K（3840 × 2160）视频录制，支持AIS防抖；支持1080p@240fps超级慢动作视频,,后置：LED 闪光灯,后置摄像头：支持4倍光学变焦(4 倍变焦为近似值，镜头焦段分别为 24 mm，13 mm，92.5 mm）、8倍光学品质变焦、100倍数字变焦,5G: ，4G,移动5G（NR），联通5G（NR），电信5G（NR），广电5G（NR）,,,,双卡（Nano SIM卡）,双频WiFi，802.11 a/b/g/n/ac/ax/be，2x2 MIMO，EHT160，8 Spatial-stream Sounding MU-MIMO,GPS（L1+L5双频），AGPS，GLONASS，北斗（B1I+B1C+B2a+B2b四频），GALILEO（E1+E5a+E5b三频），QZSS（L1+L5双频），NavIC,蓝牙6.0，支持低功耗蓝牙，支持SBC、AAC，支持LDAC和L2HC高清音频,支持NFC,支持,OTG,USB Type-C接口,"支持北斗卫星消息,星闪 E2.0",不可拆卸式电池,5750mAh大电池,100w（20V/5A）,80w,支持,支持防尘抗水（IP68，IP69）,3D人脸识别，环境光传感器，红外传感器，指纹传感器，霍尔传感器，霍尔传感器，陀螺仪，NFC，气压计，接近光传感器，重力传感器，姿态感应器、Camera激光对焦传感器、色温传感器,,,,,手机（内置电池）× 1 华为 SuperCharge 充电器 x1 USB Type-C 数据线 x1 透明保护壳 x1 快速指南 x1 取卡针 x1 保护膜（出厂贴在手机上） x1 三包凭证 x1,全国联保，享受三包服务,1年,主机1年，充电器1年,华为：400-830-8300；400-690-2116；800-830-8300,,,5750.0,大电池 (5000-6000mAh),旗舰 (6000-8000),100.0,6.75,大屏 (6.5-6.8英寸),219,较重 (200-220g)
荣耀Power2(12GB/256GB),荣耀,Power,¥2199,¥2699,10080mAh青海湖电池，电梯信号王,2152522,2026年1月5日,2026年1月9日,荣耀 Power2,智能手机: ，4G手机: ，5G手机: ，3G手机: ，新品手机: ，热门手机,,幻夜黑，雪原白，旭日橙,屏幕指纹识别,,162.1mm,76.3mm,7.98mm,216g,联发科 天玑 8500 Elite,3.4GHz A725*1+3.2GHz A725*3+2.2GHz A725*4,八核,Mali-G720 MC8,12GB,,256GB,,MagicOS 9.0,Android 15,2个,,,6.79英寸,全面屏（中置挖孔屏），等深四曲屏,2640x1200px,AMOLED,120Hz,,94.62%,120Hz,10.7亿色，DCI-P3广色域,支持,,,三摄像头（后双）,后置摄像头1：OIS摄像头后置摄像头2：广角摄像头前置摄像头1：主摄,后置摄像头1：5000万像素后置摄像头2：500万像素前置摄像头1：1600万像素,后置摄像头1：f/1.88前置摄像头1：f/2.45,,,,,"最大可支持6144×8192像素,多镜录像、AI摄影、 高像素模式、延时摄影、夜景模式、人像模式（含美肤）、 专业模式、慢动作、全景、滤镜、水印、笑脸抓拍、声控拍照、定时拍摄、文档扫描、连拍",最大可支持 3840×2160像素,"最大可支持4608x3456,人像模式、滤镜、笑脸抓拍、自拍镜像、声控拍照、定时拍摄、手势拍照、自拍环形补光",最大可支持 2520×1080像素,,,,5G: ，4G,移动5G（NR），联通5G（NR），电信5G（NR），广电5G（NR）,,,,,支持Wi-Fi 6（802.11 ax）和802.11 a/b/g/n/ac 支持2x2 MIMO，1024 QAM，160MHz，MU-MIMO 支持2.4GHz和5GHz WLAN 支持WLAN热点、WLAN直连,GPS，蜂窝网络定位，WLAN 网络定位，Glonass，北斗：可支持B1I+B1C+B2a三频，A-GNSS，伽利略：可支持E1 + E5a双频,蓝牙6.0，支持低功耗蓝牙(BLE) 支持LE Audio，Auracast 支持SBC、AAC、LDAC、aptX、aptX HD、LC3、LHDC5.0 支持适配LE Audio、ASHA助听器,支持NFC,,OTG,USB Type-C接口,"环球行、Link Turbo X网络加速、智慧选网,支持无线投屏",锂离子聚合物电池（荣耀青海湖电池）,10080mAh大电池,80w,,,,加速度传感器，接近光传感器（非实体器件，使用超声代替），指纹传感器，指南针，陀螺仪，重力传感器，NFC,,,,安全功能：AI换脸检测、密码保险箱、模糊位置、隐私助手、平行空间、反诈防火墙、应用锁、支付保护中心、工信部安全四级（提供了骚扰拦截、病毒查杀、权限管理等功能）,手机（含内置电池） x1（TP保护膜出厂已粘贴） 包装盒 x1 HONOR SuperCharge充电器 x1 USB Type-C 数据线 x1 快速指南 x1 取卡针 x1 透明保护壳 x1,,,,,,,10080.0,巨无霸电池 (>8000mAh),中端 (2000-4000),80.0,6.79,大屏 (6.5-6.8英寸),216,较重 (200-220g)
vivo X300 Ultra(12GB/256GB) 蔡司大师镜头群，全焦段4K 120fps 10 bit Log，vivo色彩科学,vivo,,,,,2161145,2026年3月30日,2026年3月30日,vivo X300 Ultra,游戏手机: ，拍照手机: ，智能手机: ，音乐手机: ，4G手机: ，社交手机: ，5G手机: ，3G手机: ，新品手机: ，热门手机: ，自拍手机,中框材质：铝合金 后盖材质：玻纤(黑Ka)、玻璃(胶片绿、银调),银调，黑Ka，胶片绿,屏幕指纹识别（3D超声波单点指纹）,支持,162.98mm,76.81mm,8.19mm,232g,骁龙 8 Elite Gen5,4.6GHz*2+3.62GHz*6,八核,高通 Adreno 840,12GB,LPDDR5X Ultra 四通道,256GB,UFS 4.1,OriginOS 6,Android 16,立体双扬,X轴线性马达,,6.82英寸,全面屏（中置挖孔屏），直面屏,3168x1440px,AMOLED,120Hz,510ppi,94.49%,非游戏场景130Hz，部分游戏场景为300Hz，游戏下瞬时采样率2000Hz,105%NTSC,,,,四摄像头（后三）,后置摄像头1： 蔡司人文纪实镜头 II后置摄像头2：蔡司超广角镜头后置摄像头3：蔡司云台级长焦镜头前置摄像头1：主摄,后置摄像头1：2亿像素后置摄像头2：5000万像素后置摄像头3：2亿像素前置摄像头1：5000万像素,后置摄像头1： f/1.85后置摄像头2：f/2.0后置摄像头3：f/2.67前置摄像头1：f/2.45,,,后置摄像头1：AF后置摄像头2：AF后置摄像头3：AF前置摄像头1：AF,后置摄像头1：OIS光学防抖后置摄像头2：OIS光学防抖后置摄像头3：OIS光学防抖,抓拍、风光与夜景、人像、拍照、录像、人像录像、全景、超清文档、慢动作、舞台、延时摄影、专业、潜水、空间相机、美食、扫描、人文,后置主摄、后置广角、后置潜望最高支持8K,人像、拍照、录像、人像录像,最高支持4K,卡尔.蔡司认证,后置：闪光灯,后置长焦摄像头支持3.7x光学变焦；最大支持105x数字变焦；前后置摄像头均支持数字变焦,5G: ，4G: ，3G,移动5G（NR），联通5G（NR），电信5G（NR），广电5G（NR）,,,2G GSM频段：850/900/1800/1900MHz 3G WCDMA频段：B1/B2/B4/B5/B6/B8/B19 4G TD-LTE频段：B34/B38/B39/B40/B41/B42/B43/B48 4G FDD-LTE频段：B1/B2/B3/B4/B5/B7/B8/B12/B17/B18/B19/B20/B25/B26/B28/B66 5G频段：n1/n2/n3/n5/n7/n8/n12/n18/n20/n25/n26/n28/n38/n40/n41/n48/n66/n77/n78/n79/n80/n81/n83/n84/n89,双卡（Nano SIM卡）,Wi-Fi Display，2*2 MIMO，MU-MIMO，WiFi 6，WiFi 7，2.4G&5G双路并发,GPS（L1、L5），北斗（B1C、B1I、B2a），GLONASS（G1），Galileo（E1、E5a），QZSS（L1、L5），GNSS功能：AGPS;蜂窝网络定位;无线局域网定位,蓝牙5.4，支持SBC;AAC;aptX;aptX HD;aptX Adaptive;aptX Lossless;LDAC;LHDC 5.0,支持NFC,支持,"OTG,WLAN热点",USB Type-C接口,,单电芯设计,6600mAh大电池,100w,40w,支持,IP68+IP69等级,重力感应器，光敏感应器，接近感应器，陀螺仪，电子罗盘，激光对焦传感器，霍尔传感器，红外遥控，Flicker传感器，X轴线性马达,AAC、WAV、MP3、MIDI、VORBIS、APE、FLAC,,,,手机 x1 充电头 x1 Type-C数据线 x1 保护壳 x1 原装膜（出厂已贴好） x1 取卡针 x1 快速入门指南 x1,,,,,,,6600.0,超大电池 (6000-8000mAh),未知,100.0,6.82,超大屏 (>6.8英寸),232,重量级 (>220g)
OPPO Find X9 Ultra(12GB/256GB) 10倍光变天眼长焦 ，双2亿超大底镜头，100w超级闪充,OPPO,,,,,2163011,2026年4月21日,2026年4月21日,OPPO Find X9 Ultra,三防手机: ，游戏手机: ，拍照手机: ，智能手机: ，4G手机: ，快充手机: ，5G手机: ，新品手机: ，热门手机: ，自拍手机: ，AI手机,,极地冰川，绒砂峡谷，大地苔原,超声波屏幕指纹识别,支持,163.16mm,76.97mm,9.1mm,236g,骁龙 8 Elite Gen5,最高主频4.608GHz,八核,高通 Adreno 840,12GB,LPDDR5X,256GB,UFS 4.1,ColorOS 16,,立体声双扬声器,仿生超振感马达,36344mm2超大总散热面积,6.82英寸,全面屏（中置挖孔屏），直面屏,3168x1440px,柔性AMOLED,144Hz,510ppi,94.6%,最高300Hz，默认120Hz,"标准模式：100% DCI-P3 自然模式：100% DCI-P3 鲜艳模式：100% DCI-P3,10.7亿色（10-bit）",支持,全局默认最高亮度：800nits 全局激发最高亮度：1800nits,,五摄像头（后四）,后置摄像头1：广角摄像头后置摄像头2：超广角摄像头后置摄像头3：长焦摄像头后置摄像头4：第二代丹霞色彩还原镜头前置摄像头1：主摄,后置摄像头1：2亿像素后置摄像头2：5000万像素后置摄像头3：2亿像素前置摄像头1：5000万像素,后置摄像头1：f/1.5后置摄像头2：f/2.0后置摄像头3：f/3.5后置摄像头4：f/2.4前置摄像头1：f/2.4,,,后置摄像头1：AF后置摄像头2：AF后置摄像头3：AF前置摄像头1：AF,后置摄像头1：两轴OIS防抖后置摄像头3：两轴OIS防抖,照片，视频，人像，夜景，全景，慢动作，长曝光，多景录像，延时摄影，萌拍，XPAN，哈苏超清，水下相机，大师，AI 证件照，超级文本，扫一扫，专业视频，哈苏增距,8K 基础拍摄：30 fps 4K 基础拍摄：120 fps，60 fps，30 fps 1080P 基础拍摄：120 fps，60 fps，30 fps 720P 基础拍摄：30 fps 4K 视频防抖拍摄：60 fps，30 fps 1080P 视频防抖拍摄：60 fps，30 fps 4K 慢动作视频拍摄：120 fps 1080P 慢动作视频拍摄：240 fps，120 fps 720P 慢动作视频拍摄：480 fps，240 fps 4K 延时摄影拍摄：30 fps 1080P 延时摄影拍摄：30 fps 4K 杜比视界拍摄：120 fps，60 fps，30 fps 1080P 杜比视界拍摄：120 fps，60 fps，30 fps 支持专业视频拍摄 支持多景录像视频拍摄 支持 HDR 视频拍摄 支持视频变焦拍摄：最高支持 10 倍光学变焦，最高支持 30 倍数码变焦,照片，视频，人像，哈苏超清，夜景，全景，多景录像，延时摄影，萌拍，AI 证件照，专业视频,4K 基础拍摄：60 fps，30 fps 1080P 基础拍摄：60 fps，30 fps 720P 基础拍摄：30 fps 1080P 视频防抖拍摄：30 fps 720P 视频防抖拍摄：30 fps 4K 延时摄影拍摄：30 fps 1080P 延时摄影拍摄：30 fps 支持多景录像视频拍摄 支持 HDR 视频拍摄 支持视频变焦拍摄 支持专业视频拍摄,哈苏,,支持视频变焦拍摄：最高支持 10 倍光学变焦，最高支持 30 倍数码变焦,5G: ，4G: ，3G,移动5G（NR），联通5G（NR），电信5G（NR），广电5G（NR）,,,2G GSM：850/900/1800MHz 3G WCDMA：频段 1/2/4/5/6/8/19 4G LTE FDD：频段 1/2/3/4/5/7/8/12/17/18/19/20/25/26/28/66 4G LTE TDD：频段 34/38/39/40/41/42/43/48 5G NR：n1/n2/n3/n5/n7/n8/n12/n18/n20/n25/n26/n28/n38/n40/n41/n48/n66/n77/n78/n79/n80/n81/n83/n84/n89,双卡（Nano-SIM卡，Nano-USIM卡）,支持 Wi-Fi 7（802.11be） 支持 Wi-Fi 6（802.11ax） 支持 Wi-Fi 5（802.11ac） 支持 802.11a/b/g/n 支持 Wi-Fi Display 支持 WLAN 网络分享 支持网络叠加：Wi-Fi 2.4GHz 2×2+Wi-Fi 5GHz 2×2 并发 支持 Wi-Fi 5GHz 160MHz 支持 2×2 MIMO,北斗（B1I+B1C+B2a），GPS（L1+L5），GLONASS（G1），Galileo（E1+E5a），QZSS（L1+L5），其他支持：A-GNSS 辅助定位，无线局域网定位，蜂窝网络定位,蓝牙6.0，SBC，AAC，LDAC，aptX，aptX HD，aptX Adaptive，LHDC 5.0,支持NFC,支持,,USB Type-C接口,AI 通信芯片 R100,不可拆卸式电池,7050mAh大电池,100w,50w,,支持IP66&IP68&IP69满级防尘防水,接近感应器，环境光传感器，色温传感器，电子罗盘，加速度传感器，陀螺仪，屏下超声指纹，霍尔传感器，压力传感器，激光对焦传感器，光谱传感器，红外遥控 注：霍尔传感器用来作为磁吸外设识别，不能作为皮套识别,,,,,主机 x1 保护壳 x1 快速入门指南 x1 取卡针 x1 充电器 x1 数据线 x1,全国联保，享受三包服务,1年,主机1年，充电器1年,,,自购机日起（以购机发票为准），如因质量问题或故障，凭厂商维修中心或特约维修点的质量检测证明，享受15日内退货或更换一部享有重新计算1年保修期的设备，15日以上在质保期内根据具体情况更换相关部件或提供一台部分重新装配的设备，仅保留消费者现有设备后盖。更换的部件和,7050.0,超大电池 (6000-8000mAh),未知,100.0,6.82,超大屏 (>6.8英寸),236,重量级 (>220g)
一加Ace 6T(12GB/256GB) 第五代骁龙8芯片，165Hz超高刷电竞屏，8300mAh冰川电池,一加,,,,,2149372,2025年12月03日,,一加 Ace 6T,三防手机: ，游戏手机: ，拍照手机: ，智能手机: ，4G手机: ，快充手机: ，5G手机: ，3G手机: ，新品手机: ，热门手机,金属中框,"掠影绿，闪速黑，电光紫,雪霁蓝",超声波屏幕指纹识别,支持,163.41mm,77.04mm,8.3mm,217g,高通 骁龙8 Gen5,最高主频4.32GHz,八核,,12GB,LPDDR5X,256GB,UFS 4.1,ColorOS 16,Android,立体声双扬声器,X轴线性马达,,6.83英寸,全面屏（中置挖孔屏），直面屏,2800x1272px,柔性AMOLED,165Hz,450ppi,93.6%,最高330Hz，默认120Hz,"自然模式：100% DCI-P3 专业模式：100% DCI-P3 鲜艳模式：100% DCI-P3,10.7 亿色（10-bit）",,800nits全局默认最高亮度，1800nits全局激发最高亮度,,三摄像头（后双）,后置摄像头1：广角摄像头后置摄像头2：超广角摄像头前置摄像头1：主摄,后置摄像头1：5000万像素后置摄像头2：800万像素前置摄像头1：1600万像素,后置摄像头1：f/1.8 后置摄像头2：f/2.2前置摄像头1：f/2.4,索尼 IMX 906,,AF,两轴OIS防抖,照片，视频，人像，夜景，全景，电影，慢动作，长曝光，多景录像，延时摄影，萌拍，高像素，AI 证件照，专业模式，超级文本，扫一扫，移轴,4K 基础拍摄：120 fps，60 fps，30 fps 1080P 基础拍摄：120 fps，60 fps，30 fps 720P 基础拍摄：30 fps 4K 视频防抖拍摄：120 fps，60 fps，30 fps 1080P 视频防抖拍摄：120 fps，60 fps，30 fps 720P 视频防抖拍摄：30 fps 4K 慢动作视频拍摄：120 fps 1080P 慢动作视频拍摄：240 fps，120 fps 720P 慢动作视频拍摄：480 fps，240 fps 4K 延时摄影拍摄：30 fps 1080P 延时摄影拍摄：30 fps 支持电影模式视频拍摄 支持多景录像视频拍摄,照片，视频，人像，夜景，全景，多景录像，延时摄影，萌拍，AI 证件照,1080P 基础拍摄：30 fps 720P 基础拍摄：30 fps 1080P 视频防抖拍摄：30 fps 720P 视频防抖拍摄：30 fps 1080P 延时摄影拍摄：30 fps 支持多景录像视频拍摄,,后置：闪光灯,最高支持 1 倍光学变焦，最高支持 10 倍数码变焦,5G: ，4G: ，3G,移动5G（NR），联通5G（NR），电信5G（NR），广电5G（NR）,,,2G GSM：850/900/1800MHz 3G WCDMA：频段 1/4/5/6/8/19 4G LTE FDD：频段 1/3/4/5/8/18/19/26/28A/66 4G LTE TDD：频段 34/38/39/40/41/42/43/48 5G NR：n1/n3/n5/n8/n18/n26/n28A/n38/n40/n41/n48/n66/n77/n78,双卡（Nano SIM卡）,支持WiFi 7（802.11be），支持WiFi 6（802.11ax），支持WiFi 5（802.11ac），支持802.11a/b/g/n，支持WiFi Display，支持WLAN 网络分享，支持WiFi 5GHz 160MHz， 支持2×2 MIMO,北斗（B1I+B1C+B2a），GPS（L1+L5），GLONASS（G1），Galileo（E1+E5a），QZSS（L1+L5），支持A-GNSS辅助定位，支持无线局域网定位，支持蜂窝网络定位,SBC，AAC，LDAC，aptX，aptX HD，aptX Adaptive，LHDC 5.0,支持NFC,支持,,USB Type-C接口,,不可拆卸式电池,8300mAh大电池,100w,,,IP66/68/69/69K满级防尘防水,接近感应器，环境光传感器，色温传感器，电子罗盘，加速度传感器，陀螺仪，红外遥控,,,,,手机 x1 保护壳 x1 快速入门指南 x1 取卡针 x1 充电器 x1 数据线 x1 包装盒 x1,,,,,,,8300.0,巨无霸电池 (>8000mAh),未知,100.0,6.83,超大屏 (>6.8英寸),217,较重 (200-220g)
vivo Y600 Pro（8GB/256GB） 天玑7300e，1.5K悦目护眼屏，10200mAh耐超低温蓝海电池,vivo,,,,,2164253,2026年4月27日,2026年4月30日,vivo Y600 Pro,三防手机: ，拍照手机: ，快充手机: ，5G手机: ，新品手机: ，热门手机: ，自拍手机: ，AI手机,塑胶中框，复合板材后盖,皓月黑，浩渺蓝，星曜紫，浮光金,屏下光学指纹,支持,163.9mm,76.5mm,8.15mm,221g,联发科 天玑 7300e,2.5GHz*4+2.0GHz*4,八核,Mali-G610,8GB,LPDDR5 双通道,128GB,UFS 3.1,OriginOS 6,Android 16,立体双扬,,VC液冷散热,6.83英寸,全面屏（中置挖孔屏），直面屏,2800x1260px,AMOLED,120Hz,449ppi,94.47%,130Hz/300Hz,"10.7亿色,支持P3广色域",支持,,,二摄像头（前一后一）,后置摄像头1：主摄前置摄像头1：主摄,后置摄像头1：5000万像素前置摄像头1：3200万像素,后置摄像头1：f/1.8前置摄像头1：f/2.45,,,后置摄像头1：AF前置摄像头1：FF,后置摄像头1：EIS电子防抖前置摄像头1：EIS电子防抖,夜景、人像、拍照、录像、5000万、全景、文档矫正、慢动作、延时摄影、专业、动态照片、扫描,最高支持1080P,夜景、人像、拍照、录像、动态照片,最高支持1080P,,后置：闪光灯,前置支持2倍数字变焦，后置主摄支持10倍数字变焦,5G: ，4G: ，3G,,,,"5G频段：n1/n3/n5/n8/n28A/n34/n38/n39/n40/n41/n48/n66/n77/n78,4G FDD-LTE频段：B1/B3/B4/B5/B8/B19/B28A/B66,4G TD-LTE频段：B34/B38/B39/B40/B41/B42/B48,3G WCDMA频段：B1/B5/B6/B8/B19,2G GSM频段：850/900/1800MHz",双卡（Nano SIM卡）,Wi-Fi Display;MU-MIMO;Wi-Fi 6,GPS ：L1 北斗：B1I GLONASS：G1 Galileo：E1 QZSS：L1，GNSS功能：AGPS;蜂窝网络定位;无线局域网定位,蓝牙5.4，SBC;AAC;aptX;aptX HD;LDAC,支持NFC,支持,OTG,USB Type-C接口,通信增强芯片E1,不可拆卸电池,10200mAh大电池,90w闪充,,,IP68+IP69 满级防水,重力感应器，光敏感应器，接近感应器，陀螺仪，电子罗盘，红外遥控，普通马达,音频格式：AAC、WAV、MP3、MIDI、VORBIS、APE、FLAC 音乐播放器：AAC、WAV、M4A、MP3、MIDI、OGG、APE、FLAC,,,,手机 x1 充电头 x1 Type-C数据线 x1 保护壳 x1 原装膜（出厂已贴好） x1 取卡针 x1 快速入门指南 x1,,,,,,,10200.0,巨无霸电池 (>8000mAh),未知,90.0,6.83,超大屏 (>6.8英寸),221,重量级 (>220g)
华为畅享 70X(128GB) 鸿蒙安全，华为巨鲸长续航，双曲护眼屏,华为,,,,,2117588,2025年01月03日,,华为 畅享 70X,时尚手机: ，智能手机: ，4G手机: ，老人手机: ，快充手机: ，新品手机: ，热门手机,后盖：生态皮革 边框：塑胶,曜金黑，雪域白，湖光青，云杉黛,侧面指纹识别,,164mm,74.88mm,8.13mm,193g,,,,,,,128GB,,HarmonyOS 4.2,HarmonyOS,,,,6.78英寸,全面屏（中置挖孔屏），曲面屏,2700x1224px,AMOLED,,437ppi,94.9%,,,,,,三摄像头（后双）,后置摄像头1：主摄后置摄像头2：景深镜头前置摄像头1：主摄,后置摄像头1：5000万像素后置摄像头2：200万像素前置摄像头1：800万像素,后置摄像头1：f/1.9后置摄像头2：f/2.4前置摄像头1：f/2.0,,,AF,AIS电子防抖,"后置摄像头：最大可支持8192 × 6144像素,大光圈、夜景、人像、拍照、录像、专业模式、慢动作、全景、延时摄影、高像素、多机位、声控拍照、笑脸抓拍、定时拍摄","后置摄像头：最大可支持4K（3840 × 2160）视频录制，支持AIS防抖 前置摄像头：最大可支持4K（3840 × 2160）视频录制，支持AIS防抖,后置摄像头：最大可支持3840 × 2160像素","前置摄像头：最大可支持3264 × 2448像素,夜景、人像、拍照、录像、延时摄影、笑脸抓拍、声控拍照、定时拍摄","最大可支持 1080P（1920 × 1080）视频录制,前置摄像头：最大可支持3840 × 2160像素",,后置：闪光灯,后置摄像头：支持10倍数字变焦,4G: ，3G,,双4G：移动TD-LTE，联通TD-LTE，联通FDD-LTE,联通3G（WCDMA），电信3G（CDMA 2000），移动2G（GSM），联通2G（GSM），电信2G（CDMA 1X）,,双卡（Nano SIM卡）,双频WiFi，WiFi5（IEEE 802.11 a/b/g/n/ac），2.4 GHz 和 5 GHz,BeiDou、Galileo、GPS、AGPS、QZSS、Glonass,蓝牙5.1，支持低功耗蓝牙，支持SBC、AAC,,,,USB Type-C接口,,不可拆卸电池,6100mAh大电池,40w,,,IP64等级,环境光传感器，指纹传感器，陀螺仪，指南针，NFC，接近光传感器，重力传感器，色温传感器,华为 Histen,,,,手机（含内置电池） x1 华为SuperCharge充电器（Max 40W） x1 USB Type-C 数据线 x1 保护膜（出厂贴在手机上） x1 TPU保护壳 x1 快速指南 x1 取卡针 x1 云业务权益卡片 x1,全国联保，享受三包服务,1年,主机1年，充电器1年,,,自购机日起（以购机发票为准），如因质量问题或故障，凭厂商维修中心或特约维修点的质量检测证明，享受15日内退货或更换一部享有重新计算1年保修期的设备，15日以上在质保期内根据具体情况更换相关部件或提供一台部分重新装配的设备，仅保留消费者现有设备后盖。更换的部件和,6100.0,超大电池 (6000-8000mAh),未知,40.0,6.78,大屏 (6.5-6.8英寸),193,适中 (180-200g)
OPPO Reno15(12GB/256GB) 2亿超清影像，出圈实况，精致小直屏,OPPO,,,,,2147408,2025年11月17日,,OPPO Reno15,三防手机: ，拍照手机: ，智能手机: ，4G手机: ，女性手机: ，快充手机: ，5G手机: ，3G手机: ，新品手机: ，热门手机,,星光蝴蝶结，极光蓝，可露丽棕,屏幕指纹识别,支持,151.21mm,72.42mm,7.99mm,187g,联发科 天玑8450,,八核,Mali-G720,12GB,LPDDR5X,256GB,UFS 3.1,ColorOS 16.0,Android 16,立体声双扬声器,,,6.32英寸,全面屏（中置挖孔屏），直面屏,2640x1216px,柔性AMOLED,120Hz,460ppi,93.4%,最高240Hz，默认120Hz,"自然模式：100% DCI-P3 专业模式：100% DCI-P3 鲜明模式：100% DCI-P3,10.7 亿色（10-bit）",,全局默认最高亮度：600nits典型值 全局激发最高亮度：1800nits典型值,,四摄像头（后三）,后置摄像头1：广角摄像头后置摄像头2：超广角摄像头后置摄像头3：长焦摄像头前置摄像头1：主摄,后置摄像头1：2亿像素后置摄像头2：5000万像素后置摄像头3：5000万像素前置摄像头1：5000万像素,后置摄像头1：f/1.8后置摄像头2：f/2.0后置摄像头3：f/2.8前置摄像头1：f/2.0,,,后置摄像头1：AF后置摄像头2：AF后置摄像头3：AF前置摄像头1：AF,后置摄像头1：两轴OIS防抖后置摄像头3：两轴OIS防抖,照片，视频，人像，夜景，全景，电影，慢动作，多景录像，延时摄影，萌拍，高像素，水下相机，AI 证件照，专业模式，超级文本，扫一扫,4K 基础拍摄：60 fps，30 fps 1080P 基础拍摄：60 fps，30 fps 720P 基础拍摄：30 fps 4K 视频防抖拍摄：60 fps，30 fps 1080P 视频防抖拍摄：60 fps，30 fps 1080P 慢动作视频拍摄：240 fps，120 fps 720P 慢动作视频拍摄：240 fps 4K 延时摄影拍摄：30 fps 1080P 延时摄影拍摄：30 fps 4K 水下相机拍摄：30 fps 支持电影模式视频拍摄 支持多景录像视频拍摄 支持 HDR 视频拍摄 支持视频变焦拍摄：最高支持 3.5 倍光学变焦，最高支持 18 倍数码变焦,照片，视频，人像，夜景，全景，多景录像，延时摄影，萌拍，美颜自拍，屏幕补光，高像素，AI 证件照,4K 基础拍摄：60 fps，30 fps 1080P 基础拍摄：60 fps，30 fps 720P 基础拍摄：30 fps 1080P 视频防抖拍摄：30 fps 720P 视频防抖拍摄：30 fps 4K 延时摄影拍摄：30 fps 1080P 延时摄影拍摄：30 fps 支持多景录像视频拍摄 支持 HDR 视频拍摄 支持视频变焦拍摄,,LED闪光灯,,5G: ，4G: ，3G,移动5G（NR），联通5G（NR），电信5G（NR），广电5G（NR）,,,2G GSM：850/900/1800MHz 3G WCDMA：频段 1/4/5/8/19 4G LTE FDD：频段 1/3/4/5/8/18/19/26/28A/66 4G LTE TDD：频段 34/38/39/40/41/42/43/48 5G NR：n1/n3/n5/n8/n18/n26/n28A/n34/n38/n39/n40/n41/n48/n66/n77/n78,双卡（Nano SIM卡）,支持WiFi6（802.11ax），支持WiFi5（802.11ac），支持802.11a/b/g/n，支持WiFiDisplay，支持WLAN 网络分享，支持WiFi 5GHz 160MHz，支持2×2 MIMO,单频支持：北斗，GPS，GLONASS，Galileo，QZSS，支持无线局域网定位，支持蜂窝网络定位，支持 A-GNSS 辅助定位,蓝牙5.4，支持SBC，AAC，aptx，aptx-HD，LDAC，LHDC5.0,支持NFC,支持,,USB Type-C接口,,不可拆卸式电池,6200mAh大电池,80w,,,IP69等级,接近感应器，环境光传感器，色温传感器，电子罗盘，加速度传感器，陀螺仪，屏下光学指纹传感器，红外遥控,,,,,主机 x1 数据线 x1 充电器 x1 SIM 卡通针 x1 保护套 x1 快速入门指南 x1,,,,,,,6200.0,超大电池 (6000-8000mAh),未知,80.0,6.32,中屏 (6-6.5英寸),187,适中 (180-200g)
一加Ace 6(12GB/256GB) 骁龙8至尊版，165Hz 超高刷护眼电竞屏，7800mAh冰川电池,一加,,,,,2145480,2025年10月27日,2025年10月27日,一加 Ace 6,三防手机: ，游戏手机: ，拍照手机: ，智能手机: ，4G手机: ，快充手机: ，5G手机: ，3G手机: ，新品手机: ，热门手机,屏幕保护玻璃：晶盾玻璃 中框材质：铝合金金属中框 电池盖材质背部：玻璃材质,快银，闪白，竟黑,超声波屏幕指纹识别,支持,163.41mm,77.04mm,8.3mm,213g,高通 骁龙 8 Elite,最高主频4.32GHz,八核,高通 Adreno 830,12GB,LPDDR5X,256GB,UFS 4.1,ColorOS 16,Android,立体声双扬声器,X轴线性马达,,6.83英寸,全面屏（中置挖孔屏），直面屏,2800x1272px,柔性AMOLED,165Hz,450ppi,93.6%,最高330Hz，默认120Hz,"自然模式：100% DCI-P3 专业模式：100% DCI-P3 鲜艳模式：100% DCI-P3,10.7 亿色（10-bit）",,800nits全局默认最高亮度，1800nits全局激发最高亮度,,三摄像头（后双）,后置摄像头1：广角摄像头后置摄像头2：超广角摄像头前置摄像头1：主摄,后置摄像头1：5000万像素后置摄像头2：800万像素前置摄像头1：1600万像素,后置摄像头1：f/1.8 后置摄像头2：f/2.2前置摄像头1：f/2.4,索尼 IMX 906,,AF,OIS光学防抖,照片，视频，人像，夜景，全景，电影，慢动作，长曝光，多景录像，延时摄影，萌拍，高像素，AI 证件照，专业模式，超级文本，扫一扫，移轴,4K 基础拍摄：120 fps，60 fps，30 fps 1080P 基础拍摄：120 fps，60 fps，30 fps 720P 基础拍摄：30 fps 4K 视频防抖拍摄：60 fps，30 fps 1080P 视频防抖拍摄：60 fps，30 fps 720P 视频防抖拍摄：30 fps 4K 慢动作视频拍摄：120 fps 1080P 慢动作视频拍摄：240 fps，120 fps 720P 慢动作视频拍摄：480 fps，240 fps 4K 延时摄影拍摄：30 fps 1080P 延时摄影拍摄：30 fps 支持电影模式视频拍摄 支持多景录像视频拍摄 支持视频变焦拍摄：最高支持 20 倍数码变焦,照片，视频，人像，夜景，全景，多景录像，延时摄影，萌拍，AI 证件照,1080P 基础拍摄：30 fps 720P 基础拍摄：30 fps 1080P 视频防抖拍摄：30 fps 720P 视频防抖拍摄：30 fps 支持多景录像视频拍摄,,后置：闪光灯,,5G: ，4G: ，3G,移动5G（NR），联通5G（NR），电信5G（NR），广电5G（NR）,,,2G GSM：850/900/1800MHz 3G WCDMA：频段 1/4/5/6/8/19 4G LTE FDD：频段 1/3/4/5/8/18/19/26/28A/66 4G LTE TDD：频段 34/38/39/40/41/42/43/48 5G NR：n1/n3/n5/n8/n18/n26/n28A/n38/n40/n41/n48/n66/n77/n7,双卡（Nano SIM卡）,支持WiFi 7（802.11be），支持WiFi 6（802.11ax），支持WiFi 5（802.11ac），支持802.11a/b/g/n，支持WiFi Display，支持WLAN 网络分享，支持网络叠加：WiFi 2.4GHz 2×2+WiFi 5GHz 2×2 并发，支持 WiFi 5GHz 160MHz 支持 2×2 MIMO,双频支持：北斗（B1I+B1C+B2a），GPS（L1+L5），GLONASS（G1），Galileo（E1+E5a），QZSS（L1+L5），NavIC（L5），支持A-GPS辅助定位，支持无线局域网定位，支持蜂窝网络定位,支持SBC，AAC，aptX，aptX HD，LDAC，LHDC 5.0,支持NFC,支持,,USB Type-C接口,,,7800mAh大电池,120w,,,IP66/68/69/69K满级防尘防水,接近感应器，环境光传感器，色温传感器，电子罗盘，加速度传感器，陀螺仪，屏下超声指纹，红外遥控,,,,,手机 x1 保护壳 x1 快速入门指南 x1 取卡针 x1 充电器 x1 数据线 x1 包装盒 x1,,,,,,,7800.0,超大电池 (6000-8000mAh),未知,120.0,6.83,超大屏 (>6.8英寸),213,较重 (200-220g)
OPPO Find X9 Pro(12GB/256GB) 天玑9500，哈苏2亿超清长焦镜头，7500mAh电池,OPPO,,,,,2144019,2025年10月16日,2025年10月22日,OPPO Find X9 Pro,三防手机: ，游戏手机: ，拍照手机: ，智能手机: ，4G手机: ，快充手机: ，5G手机: ，新品手机: ，热门手机: ，自拍手机: ，AI手机,,追光红，绒砂钛，霜白,超声波屏幕指纹识别,支持,161.26mm,76.46mm,8.25mm,224g,联发科 天玑 9500,最高主频4.21GHz,八核,Arm@Mali Drage MC12,12GB,LPDDR5X,256GB,UFS 4.1,ColorOS 16,,立体声双扬声器,仿生超振感马达,36344mm2超大总散热面积,6.78英寸,全面屏（中置挖孔屏），直面屏,2772x1272px,AMOLED,120Hz,450ppi,95.5%,最高240Hz，默认120Hz,"标准模式：100% DCI-P3 自然模式：100% DCI-P3 鲜艳模式：100% DCI-P3,10.7亿色（10-bit）",HDR 10+,全局默认最高亮度：800nits 全局激发最高亮度：1800nits,晶盾玻璃,五摄像头（后四）,后置摄像头1：广角摄像头后置摄像头2：超广角摄像头后置摄像头3：长焦摄像头后置摄像头4：丹霞色彩还原镜头前置摄像头1：主摄,后置摄像头1：5000万像素后置摄像头2：5000万像素后置摄像头3：2亿像素前置摄像头1：5000万像素,后置摄像头1：f/1.5后置摄像头2：f/2.0后置摄像头3：f/2.1后置摄像头4：f/2.4前置摄像头1：f/2.0,,"后置摄像头1：1/1.28""后置摄像头3：1/1.56""",后置摄像头1：AF后置摄像头2：AF后置摄像头3：AF后置摄像头4：AF前置摄像头1：AF,后置摄像头1：四轴OIS防抖后置摄像头3：四轴OIS防抖后置摄像头4：两轴OIS防抖,照片，视频，人像，夜景，全景，专业视频，慢动作，长曝光，多景录像，延时摄影，萌拍，XPAN，哈苏超清，水下相机，大师，AI 证件照，超级文本，扫一扫,4K 基础拍摄：120 fps，60 fps，30 fps 1080P 基础拍摄：120 fps，60 fps，30 fps 720P 基础拍摄：30 fps 4K 慢动作视频拍摄：120 fps 1080P 慢动作视频拍摄：240 fps，120 fps 720P 慢动作视频拍摄：480 fps，240 fps 4K 延时摄影拍摄：30 fps 1080P 延时摄影拍摄：30 fps 支持专业视频拍摄 支持视频防抖拍摄 支持多景录像视频拍摄 支持 HDR 视频拍摄 支持视频变焦拍摄：支持最高 3 倍光学变焦，最高 18 倍数码变焦,照片，视频，人像，夜景，全景，专业视频，多景录像，延时摄影，萌拍，哈苏超清，AI 证件照,4K 基础拍摄：60 fps，30 fps 1080P 基础拍摄：60 fps，30 fps 720P 基础拍摄：30 fps 4K 延时摄影拍摄：30 fps 1080P 延时摄影拍摄：30 fps 支持专业视频拍摄 支持视频防抖拍摄 支持多景录像视频拍摄 支持 HDR 视频拍摄 支持视频变焦拍摄,哈苏,多焦段人像闪光灯,照片拍摄最高支持3倍光学变焦，最高支持120倍数码变焦,5G: ，4G: ，3G,移动5G（NR），联通5G（NR），电信5G（NR），广电5G（NR）,,,"5G NR：n1/n2/n3/n5/n7/n8/n12/n18/n20/n25/n26/n28/n34/n38/n39/n40/n41/n48/n66/n77/n78/n79,4G LTE TDD：频段 34/38/39/40/41/42/43/48,4G LTE FDD：频段 1/2/3/4/5/7/8/12/17/18/19/20/25/26/28/66,3G WCDMA：频段 1/2/4/5/6/8/19,2G GSM：850/900/1800MHz",双卡（Nano-SIM卡，Nano-USIM卡）,支持 Wi-Fi 7（802.11be） 支持 Wi-Fi 6（802.11ax） 支持 Wi-Fi 5（802.11ac） 支持 802.11a/b/g/n 支持 Wi-Fi Display 支持 WLAN 网络分享 支持网络叠加：Wi-Fi 2.4GHz 2×2+Wi-Fi 5GHz 2×2 并发 支持 Wi-Fi 5GHz 160MHz 支持 2×2 MIMO,北斗（B1I+B1C+B2a+B2b），GPS（L1+L5），GLONASS（G1），Galileo（E1+E5a+E5b），QZSS（L1+L5），NavIC（L5），支持 A-GNSS 辅助定位，无线局域网定位，蜂窝网络定位,蓝牙6.0，支持SBC，AAC，LDAC，aptX，aptX HD，LHDC 5.0,支持NFC,支持,,USB Type-C接口,AI 通信芯片 R100,不可拆卸式电池,7500mAh大电池,80w,50w,,支持IP66&IP68&IP69满级防尘防水,接近感应器，环境光传感器，色温传感器，电子罗盘，加速度传感器，陀螺仪，屏下超声指纹，霍尔传感器，激光对焦传感器，光谱传感器，红外遥控,,,,,主机 x1 保护壳 x1 快速入门指南 x1 取卡针 x1 充电器 x1 数据线 x1,全国联保，享受三包服务,1年,主机1年，充电器1年,,,自购机日起（以购机发票为准），如因质量问题或故障，凭厂商维修中心或特约维修点的质量检测证明，享受15日内退货或更换一部享有重新计算1年保修期的设备，15日以上在质保期内根据具体情况更换相关部件或提供一台部分重新装配的设备，仅保留消费者现有设备后盖。更换的部件和,7500.0,超大电池 (6000-8000mAh),未知,80.0,6.78,大屏 (6.5-6.8英寸),224,重量级 (>220g)
华为Mate X7（12GB/256GB） 麒麟9030 Pro芯片，超可靠折叠玄武架构，第二代红枫影像,华为,,,,,2149094,2025年11月25日,2025年12月05日,HUAWEI Mate X7,商务手机: ，智能手机: ，4G手机: ，5G手机: ，折叠屏手机: ，3G手机: ，新品手机: ，热门手机,铝合金边框，素皮后壳,云锦白，云锦蓝，寰宇红，幻影紫，曜石黑,屏幕指纹识别,支持,产品尺寸：156.8mm折叠尺寸：156.8mm,产品尺寸：144.2mm折叠尺寸：73.8mm,产品尺寸：4.5mm折叠尺寸：9.5mm,235g,海思 麒麟9030 Pro,,,,12GB,,256GB,,,HarmonyOS 6.0,立体声扬声器,,"超大VC石墨烯散热系统,3550mm2 VC均热板",主：8英寸副：6.49英寸,主：全面屏（右上挖孔屏），折叠屏副：全面屏（中置挖孔屏），折叠屏，曲面屏,主：2416x2210px副：2440x1080px,主：OLED（LTPO）副：OLED（LTPO）,120Hz（1-120）,412ppi,,240Hz,主：10.7亿色，P3广色域副：10.7亿色，P3广色域,支持,外屏埄值亮度3000nits 内屏埄值亮度2500nits,内屏：可折叠柔性屏，外屏：第二代昆仑玻璃,六摄像头（前双+后四）,后置摄像头1：超光变摄像头后置摄像头2：超广角摄像头后置摄像头3：长焦微距摄像头后置摄像头4：第二代红枫原色摄像头前置摄像头1：内屏前置前置摄像头2：外屏前置,后置摄像头1：5000万像素后置摄像头2：4000万像素后置摄像头3：5000万像素前置摄像头1：800万像素前置摄像头2：800万像素,后置摄像头1：f/1.4-4.0后置摄像头2：f/2.2后置摄像头3：f/2.2前置摄像头1：f/2.2前置摄像头2：f/2.4,,,,"后置摄像头1：OIS光学防抖,AIS电子防抖后置摄像头2：AIS电子防抖后置摄像头3：OIS光学防抖,AIS电子防抖前置摄像头1：AIS电子防抖前置摄像头2：AIS电子防抖","最大可支持8192×6144像素,XMAGE风格、AI 辅助构图、电影效果、舞台模式、超清全景、AI 超清增强、超级夜景、寰宇追月、绚丽星空、星空人像、AI 动态照片、视频 HDR Vivid、视频 Log、拍照 RAW 格式、闪拍、运动防抖、高画质模式、超级微距、微距视频、微距画中画、长焦画中画、高像素模式、延时摄影、超大广角、大光圈虚化、人像模式、专业模式、慢动作、流光快门、水印、AI 摄影大师、笑脸抓拍、声控拍照、定时拍照、连拍",最大可支持3840×2160像素,"最大可支持3264×2448像素,XMAGE风格、AI 动态照片、视频 HDR Vivid、慢动作、人像模式、延时摄影、笑脸抓拍、自拍镜像、声控拍照、定时拍照",最大可支持3840×2160像素,,后置：LED 闪光灯,后置摄像头：支持 3.5 倍光学变焦（3.5 倍变焦为近似值，镜头焦段分别为 24 mm，13 mm，81 mm）、100 倍数字变焦,5G: ，4G: ，3G,移动5G（NR），联通5G（NR），电信5G（NR），广电5G（NR）,,,,双卡（Nano SIM卡）,IEEE 802.11 a/b/g/n/ac/ax/be，2x2 MIMO，EHT160，8 Spatial-stream Sounding MU-MIMO，2.4GHz和5GHz，WLAN热点，WLAN直连,支持 GPS（L1+L5双频）/AGPS/GLONASS/北斗（B1I+B1C+B2a+B2b 四频）/GALILEO（E1+E5a+E5b三频）/QZSS（L1+L5 双频）/NavIC,蓝牙6.0，支持低功耗蓝牙，支持SBC、AAC，支持LDAC和L2HC高清音频,支持NFC,支持,OTG,USB Type-C接口,"支持星闪E2.0,北斗卫星消息",不可拆卸式电池,5525mAh大电池,66w（11V/6A）,50w,支持,IP58、IP59,重力传感器，红外传感器，指纹传感器，霍尔传感器，气压计，陀螺仪，指南针，环境光传感器，接近光传感器，姿态感应器， Camera 激光对焦传感器，色温传感器,mp3、mp4、ogg、amr、wav、flac、aac,mp4,Huawei Histen 音效,分屏问小艺*、分屏翻译*、分屏导航*、小艺慧记、文档对比、AI动态图书、大屏批注、700MHz 无网应急通信、2.4GHz 畅连无网通信、AI降噪通话、户外探索模式*、极限续航配置*、电影效果、AI动态照片、动感摇拍、AI一键成片、最佳表情、小艺简报*、灵动主角、元气心情、小艺帮帮忙、AI智感握姿、AI隔空传送、AI智控键、AI通话摘要、AI通话翻译、AI消息随身、天通卫星通话**、卫星寻呼**、双向北斗卫星消息、智能可变光圈、物理光圈10档可调、超级夜景、超级微距、微距视频、视频HDR Vivid、小艺智慧语音、灵动熄屏显示、中转站、智感支付、智感扫码、低电量应急模式、口罩人脸识别、超级终端、小艺字幕、跨设备剪贴板、超级隐私模式、隐私空间、畅连通话、多屏协同、智能截屏、小艺视觉、华为分享、无线投屏、应用分身、密码保险箱,手机（含内置电池） x1 华为SuperCharge充电器 x1 USB Type-C 数据线 x1 旋转支架保护壳 x1 快速指南 x1 取卡针 x1 外屏保护膜（出厂贴在手机上） x1 温馨提示卡片 x1,,,,,,,5525.0,大电池 (5000-6000mAh),未知,66.0,8.0,超大屏 (>6.8英寸),235,重量级 (>220g)
荣耀500(12GB/256GB) 骁龙8至尊旗舰芯，8000mAh青海湖大电池，2亿Al超清影像系统,荣耀,,,,,2148022,2025年11月24日,2025年11月24日,荣耀 500,拍照手机: ，智能手机: ，快充手机: ，5G手机: ，新品手机: ，热门手机: ，自拍手机,金属中框，玻璃后壳,星光粉，海蓝宝，月光银，曜石黑,屏幕指纹识别,支持,155.8mm,74.2mm,7.75mm,198g,高通 骁龙8S Gen4,1*Hunter-ELP(X4) 3.2GHz+3*A720 3.0GHz+2*A720 2.8GHz+2*A720 2.0GHz,八核,高通 Adreno 825,12GB,,256GB,,MagicOS 10.0,Android 16,"立体声双扬声器,HONOR Sound",,,6.55英寸,全面屏（中置挖孔屏），直面屏,2736x1264px,AMOLED,120Hz,460ppi,95.4%,,真10.7亿色，DCI-P3广色域,支持,600nits（典型值） 1800nits（全局最大亮度） 6000nits（峰值亮度）,铝硅玻璃,三摄像头（后双）,后置摄像头1：广角摄像头后置摄像头2：超广角微距摄像头前置摄像头1：广角摄像头,后置摄像头1：2亿像素后置摄像头2：1200万像素前置摄像头1：5000万像素,后置摄像头1：f/1.9后置摄像头2：f/2.2前置摄像头1：f/2.0,,1/1.4英寸,后置摄像头1：AF后置摄像头2：AF,"后置摄像头1：OIS光学防抖,EIS电子防抖后置摄像头2：OIS光学防抖","最大可支持16384×12288像素,AI超级长焦、鹰眼精彩抓拍、鹰眼自动抓拍、雅顾人像艺术风格、胶片模拟、智能追焦、主角追焦、动态照片、延时摄影、AI摄影、广角、大光圈、多镜录像、夜景模式、人像模式（含美颜美妆）、专业模式、慢动作、全景、录像、HDR拍照、滤镜、文档扫描、超级微距、笑脸抓拍、声控拍照、定时拍摄、智能广角、画中画、月亮模式、超级夜景视频、连拍、高像素模式等",最大可支持3840×2160像素,"最大可支持8192×6144像素,动态照片、人像模式、夜景模式、滤镜、笑脸抓拍、自拍镜像、声控拍照、定时拍摄、手势拍照、高像素模式、自拍环形补光、多镜录像等",最大可支持3840×2160像素,,,后置：最大30倍数字变焦,5G: ，4G: ，3G,移动5G（NR），联通5G（NR），电信5G（NR），广电5G（NR）,移动TD-LTE，移动LTE FDD，联通LTE FDD，电信LTE FDD，广电TD-LTE，广电LTE FDD,联通3G（WCDMA），联通2G/移动2G（GSM）,,双卡（Nano SIM卡）,支持Wi-Fi 7（802.11 be），Wi-Fi 6（802.11 ax）和802.11 a/b/g/n/ac 支持2x2 MIMO，MLO，4096 QAM，160MHz，MU-MIMO 支持2.4GHz和5GHz WLAN 支持WLAN热点、WLAN直连,支持北斗（B1I+B1C+B2a+B2b四频）、GPS（L1+L5双频）、GLONASS（G1）、Galileo（E1+E5a+E5b三频）、QZSS（L1+L5双频）、NavIC（L1+L5双频）、A-GNSS，支持蜂窝网络定位、WLAN网络定位,蓝牙6.0，支持低功耗蓝牙(BLE)、LE Audio、Auracast，支持SBC、AAC、LDAC、aptX、aptX HD、aptX Adaptive、aptX Lossless、LC3、LHDC5.0，支持ASHA、LE Audio助听器协议,支持NFC,支持,"OTG,WLAN热点,无线投屏,PC数据同步",USB Type-C接口,荣耀优速通、环球行、智慧选网、Link Turbo X网络加速,"不可拆卸式电池,锂离子聚合物电池（荣耀青海湖电池）",8000mAh大电池,80w,,,IP68&IP69&IP69K防水,加速度传感器，接近光传感器（非实体器件，使用超声代替），指纹传感器，指南针，陀螺仪，重力传感器，色温传感器，Flicker传感器,mp3、mp4、3gp、ogg、amr、aac、flac、wav、midi,3gp、mp4,,"MagicOS功能：YOYO智能体、AI换脸识别、AI翻译、魔方个性化、魔法形象、互动主题、AI文档、AI笔记、灵动胶囊、魔法锁屏、荣耀任意门、全屏熄屏显示、桌面大文件夹自定义、YOYO记忆、平行空间、个人事务中心、YOYO助理、个性化锁屏、反诈防火墙、气息唤醒、YOYO建议、Magic 文本、OS Turbo X、GPU Turbo X、智慧互联、智慧运存、语音控制呼叫、多屏协同、电脑模式、智慧视觉、智慧识屏、全屏翻译、语音翻译、AI字幕、智慧多窗、深色模式、电子书模式、状态互动AOD、纯净文件管理、荣耀分享、快捷启动及手势、应用分身、换机克隆、名片扫描、备份与恢复、服务维修模式,安全功能：AI换脸检测、隐私时刻、手机盾、密码保险箱、模糊位置、隐私空间、隐私助手、反诈防护、应用锁、支付保护中心、平行空间,图库功能：Live拼图出框、Live动图消除、AI消除、路人移除、反光消除、褶皱去除、动态照片拼图、AI超清、AI扩图、AI抠图、AI风格、人脸修复、智能美颜、水印编辑、一键大片、图库语义搜索、精彩时刻、荣耀剪辑等,实用工具：智能遥控、指南针、手电筒、镜子、日历、图库、音乐、视频、计算器、笔记、录音机、天气、时钟、换机克隆、文件管理、系统管家、健康使用手机",手机（含内置电池） x1 快速指南（含新机权益卡和电子三包凭证） x1 HONOR SuperCharge充电器 x1 USB Type-C 数据线 x1 取卡针 x1 超薄透明软壳 x1 屏幕高透保护膜（出厂已粘贴） x1,全国联保，享受三包服务,1年,,,24小时在线服务,自购机日起（以购机发票为准），如因质量问题或故障，凭厂商维修中心或特约维修点的质量检测证明，享受15日内退货或更换一部享有重新计算1年保修期的设备，15日以上在质保期内根据具体情况更换相关部件或提供一台部分重新装配的设备，仅保留消费者现有设备后盖。更换的部件和,8000.0,巨无霸电池 (>8000mAh),未知,80.0,6.55,大屏 (6.5-6.8英寸),198,适中 (180-200g)
